"","created_at","id","full_text","source","coordinates","retweet_count","favorite_count","lang","name","screen_name","location","url","description","followers_count","friends_count","listed_count","favourites_count","statuses_count"
"1","2023-04-03 02:50:24","1642570185889439744","Noel Van T End with this absolute BANGER 30 seconds into the final! ğŸ’¥

He takes his second grand slam gold of the year! Will he carry this momentum to #JudoWorlds? ğŸ‡³ğŸ‡±ğŸ¥‹ğŸ¥‡

#Judo #JudoAntalya #TÃ¼rkiye #WJT #RoadToParis2024 #OlympicQualifier https://t.co/TOKhCT4RlG","<a href=""https://mobile.twitter.com"" rel=""nofollow"">Twitter Web App</a>","list(long = NA, lat = NA, type = NA)","41","281","en","Judo","Judo","Worldwide","https://t.co/AdAUBKLTeD","Official Twitter Account of the International Judo FederationğŸ¥‹

https://t.co/nKLPYs31Qr

Download our IJF JUDO App at the link above!","87057","942","604","8745","19493"
"2","2023-04-02 22:49:13","1642509490355355648","Of COURSE weâ€™d choose this song

@ShadyElNAHAS  ğŸ‡¨ğŸ‡¦

#Judo #JudoAntalya #TÃ¼rkiye #WJT #RoadToParis2024 #OlympicQualifier https://t.co/b6VdVesfPD","<a href=""https://mobile.twitter.com"" rel=""nofollow"">Twitter Web App</a>","list(long = NA, lat = NA, type = NA)","36","259","en","Judo","Judo","Worldwide","https://t.co/AdAUBKLTeD","Official Twitter Account of the International Judo FederationğŸ¥‹

https://t.co/nKLPYs31Qr

Download our IJF JUDO App at the link above!","87057","942","604","8745","19493"
"3","2023-04-02 19:09:10","1642454111772704768","Dicko switches direction! ğŸ›ï¸ğŸ†™

@romane_dicko  ğŸ‡«ğŸ‡·

#Judo #JudoAntalya #TÃ¼rkiye #WJT #RoadToParis2024 #OlympicQualifier @francejudo https://t.co/wcAxvmccM0","<a href=""https://mobile.twitter.com"" rel=""nofollow"">Twitter Web App</a>","list(long = NA, lat = NA, type = NA)","17","124","en","Judo","Judo","Worldwide","https://t.co/AdAUBKLTeD","Official Twitter Account of the International Judo FederationğŸ¥‹

https://t.co/nKLPYs31Qr

Download our IJF JUDO App at the link above!","87057","942","604","8745","19493"
"4","2023-04-04 07:21:43","1643000851319910400","A delegaÃ§Ã£o amazonense no torneio faturou o total de 36 medalhas na competiÃ§Ã£o. Sete atletas foram contemplados com passagens aÃ©reas pela Prefeitura

ğŸ¥‹ğŸ–ï¸ğŸ›«

#BrasileiroDeJudÃ´RegiÃ£oI
#JudÃ´
#ManausOlÃ­mpica
#PrefeituraDeManaus
#EsporteManausÃ‰diferente

https://t.co/OTKCy6hbLo","<a href=""http://twitter.com/download/iphone"" rel=""nofollow"">Twitter for iPhone</a>","list(long = NA, lat = NA, type = NA)","0","0","pt","Esporte Manaus","esportemanaus","Manaus, Amazonas ","https://t.co/c1CYjaXhI0","ğŸ… Esporte Manaus Ã© diferente! |ğŸ“±Siga-nos nas outras redes sociais | ğŸ–¥ Acesse o nosso portal","1400","220","14","359","5269"
"5","2023-04-04 06:55:26","1642994238286893056","Â¡Â¡ I M P R E S I O N A N T E !!  

Medallero Final: 

10ğŸ¥‡ // 3ğŸ¥ˆ // 8ğŸ¥‰

4 judocas DIRECTOS 

ğŸ”œ Campeonato de EspaÃ±a Escolar 2023

ğŸ“… 29 y 30 de abril 
ğŸ“Œ CDM Gallur 

#judo #judoakari #judolasnieves #lasnieves_akari #somosjudoakarilasnieves https://t.co/aiMVnEvGwx","<a href=""http://twitter.com/download/iphone"" rel=""nofollow"">Twitter for iPhone</a>","list(long = NA, lat = NA, type = NA)","3","4","es","Club Deportivo Judo Club Akari","ClubAkari","Gran Canaria","https://t.co/XNFhzVVBcy","Club Deportivo de Judo #judoakari","159","368","1","560","476"
"6","2023-04-04 06:24:46","1642986521077719040","Yes ! Et on continue avec les championnats de France @FSGTofficiel de #judo organisÃ©s dans le magnifique complexe sportif Alice Milliat de @93Romainville ! Merci @DechyFrancois pour ton accueil, soutien et aide apportÃ©e Ã  l'organisation
@seinesaintdenis @inssd93 #SOP2023 https://t.co/p7QlvKvCM0","<a href=""http://twitter.com/download/android"" rel=""nofollow"">Twitter for Android</a>","list(long = NA, lat = NA, type = NA)","1","2","fr","ClÃ©ment RÃ©mond","ClemRem","Paris","https://t.co/Y6IDbakCb3","CoprÃ©sident #FSGT93 â€¢
CEO La Coloc' de l'Ourcq â€¢
STAPS Besac â€¢ Handballeur â€¢
#sport #seinesaintdenis","1495","1529","32","28269","14951"
"7","2023-04-04 06:21:58","1642985814870339584","ğŸ¥‹ğŸ‡§ğŸ‡·@Rafaelasilvaa no topo do MUNDO.

BicampeÃ£ mundial e campeÃ£ olÃ­mpica, Rafaela foi a 5.833 pontos com o tÃ­tulo em AntÃ¡lia, subindo duas posiÃ§Ãµes no ranking para assumir a lideranÃ§a da categoria atÃ© 57kg, que pertencia Ã  canadense Jessica Klimkait, agora nÂ° 3 do mundo. #Judo https://t.co/obg6Ebpoos","<a href=""https://mobile.twitter.com"" rel=""nofollow"">Twitter Web App</a>","list(long = NA, lat = NA, type = NA)","1","2","pt","Seu Esporte","SeuEsporteBR","Brasil ","https://t.co/QrMubSl0y9","Projeto de valorizaÃ§Ã£o ao Esporte Brasileiro. Valorizando o que nÃ£o Ã© valorizado porque #OEsporteNosMove.","10489","869","100","13737","67405"
"8","2023-04-04 06:20:02","1642985328460939264","The Sambo Encyclopedia: Comprehensive Throws, Holds, and Submission Techniques by Steve Scott
Developed in the Soviet Union and based on Kodokan Judo and wrestling, sambo emphasizes utility over aesthetics
https://t.co/F7rNZzVjMq
#judoÂ #samboÂ #wrestlingÂ #grapplingÂ #groundwork https://t.co/pefi4bilJg","<a href=""https://buffer.com"" rel=""nofollow"">Buffer</a>","list(long = NA, lat = NA, type = NA)","0","0","en","YMAA Publication Center Â®","ymaadotcom","New England, USA","http://t.co/7F051x1cFv","YMAA_com - Schools & Publishing. Yang's Martial Arts Association, Authors & Teachers of martial arts, qigong and healing.","4062","623","89","130","7858"
"9","2023-04-04 05:24:11","1642971274573131776","@burrowingbolt @BritishJudo If it wasnâ€™t it should be now. Very impressive ğŸ˜‚ğŸ˜‚ğŸ˜‚#Newfoundland #Judo
#DogsOfTwitter #dogsoftwitter","<a href=""http://twitter.com/download/iphone"" rel=""nofollow"">Twitter for iPhone</a>","list(long = NA, lat = NA, type = NA)","0","1","en","Annie F R & Phoebe ğŸŒˆğŸ‡¸ğŸ‡¬ğŸ‡®ğŸ‡¹","38Octavian","Verona Italia, Brighton UK, ",,"Phoebe ğŸŒˆğŸª· 4-07-22 ğŸ’”ğŸŒˆ","624","1722","6","92630","19073"
"10","2023-04-04 05:21:24","1642970575298600960","Not sure if this is an approved @BritishJudo move ??? #dogsoftwitter #DogsofTwittter #BFFs #bottomsup  #Newfoundland #Judo https://t.co/dQC1EsiGoW","<a href=""http://twitter.com/download/android"" rel=""nofollow"">Twitter for Android</a>","list(long = NA, lat = NA, type = NA)","2","27","en","Hack Back CIC","burrowingbolt","North West, UK","https://t.co/S5J7lGmCZF","Owl TherapyğŸ¤” - innovative programmes #autism #ADHD #mentalhealth through interaction with ğŸ¦‰ğŸ¦… ğŸ¶#animalassistedtherapy #researcher #trainer","14224","14938","121","83597","28575"
"11","2023-04-04 05:13:11","1642968506714189824","Ø§Ù„ÙŠÙˆÙ… 3 ÙÙŠ #JudoAntalya ğŸ‡¹ğŸ‡·  Ø£ØµØ­Ø§Ø¨ Ø§Ù„Ù…ÙŠØ¯Ø§Ù„ÙŠØ§Øª Ø¹Ù„Ù‰ Ø§Ù„Ù…Ù†ØµØ©.

Ù†Ø³Ø§Ø¡ +78kg:
ğŸ¥‡SAYIT KayrağŸ‡¹ğŸ‡·
ğŸ¥ˆZABIC MilicağŸ‡·ğŸ‡¸
ğŸ¥‰DICKO RomaneğŸ‡«ğŸ‡·
ğŸ¥‰OZTURK HilalğŸ‡¹ğŸ‡·

#Judo #JudoWorlds https://t.co/Oqx29hRmBf","<a href=""https://mobile.twitter.com"" rel=""nofollow"">Twitter Web App</a>","list(long = NA, lat = NA, type = NA)","0","1","und","Al Judo Lakom","AlJudoLakom","Budapest, Hungary ","https://t.co/UjjWrLhJIN","Ø§Ù„Ø­Ø³Ø§Ø¨ Ø§Ù„Ø±Ø³Ù…ÙŠ Ù„ ''Ø§Ù„Ø¬ÙˆØ¯Ùˆ  Ù„ÙƒÙ…"".

Ø³ÙŠØªÙ… Ù†Ø´Ø± Ø¬Ù…ÙŠØ¹ Ø£Ø®Ø¨Ø§Ø± Ø§Ù„Ø¬ÙˆØ¯Ùˆ Ø¨Ø§Ù„Ù„ØºØ© Ø§Ù„Ø¹Ø±Ø¨ÙŠØ©.","124","64","0","5","57"
"12","2023-04-04 05:08:39","1642967366945349632","Ø§Ù„ÙŠÙˆÙ… 3 ÙÙŠ #JudoAntalya ğŸ‡¹ğŸ‡·  Ø£ØµØ­Ø§Ø¨ Ø§Ù„Ù…ÙŠØ¯Ø§Ù„ÙŠØ§Øª Ø¹Ù„Ù‰ Ø§Ù„Ù…Ù†ØµØ©.

Ø±Ø¬Ø§Ù„ +100kg:
ğŸ¥‡SNIPPE JelleğŸ‡³ğŸ‡±
ğŸ¥ˆMEYER RoyğŸ‡³ğŸ‡±
ğŸ¥‰SONG WoohyeokğŸ‡°ğŸ‡·
ğŸ¥‰TATAROGLU IbrahimğŸ‡¹ğŸ‡·

Ù†Ø³Ø§Ø¡ -78kg:
ğŸ¥‡TCHEUMEO AudreyğŸ‡«ğŸ‡·
ğŸ¥ˆHAMADA ShoriğŸ‡¯ğŸ‡µ
ğŸ¥‰BOEHM AlinağŸ‡©ğŸ‡ª
ğŸ¥‰SAMPAIO PatriciağŸ‡µğŸ‡¹

#Judo #JudoWorlds https://t.co/WzLJnAk0Oz","<a href=""https://mobile.twitter.com"" rel=""nofollow"">Twitter Web App</a>","list(long = NA, lat = NA, type = NA)","0","1","und","Al Judo Lakom","AlJudoLakom","Budapest, Hungary ","https://t.co/UjjWrLhJIN","Ø§Ù„Ø­Ø³Ø§Ø¨ Ø§Ù„Ø±Ø³Ù…ÙŠ Ù„ ''Ø§Ù„Ø¬ÙˆØ¯Ùˆ  Ù„ÙƒÙ…"".

Ø³ÙŠØªÙ… Ù†Ø´Ø± Ø¬Ù…ÙŠØ¹ Ø£Ø®Ø¨Ø§Ø± Ø§Ù„Ø¬ÙˆØ¯Ùˆ Ø¨Ø§Ù„Ù„ØºØ© Ø§Ù„Ø¹Ø±Ø¨ÙŠØ©.","124","64","0","5","57"
"13","2023-04-04 05:02:01","1642965695653617664","Ø§Ù„ÙŠÙˆÙ… 3 ÙÙŠ #JudoAntalyağŸ‡¹ğŸ‡·  Ø£ØµØ­Ø§Ø¨ Ø§Ù„Ù…ÙŠØ¯Ø§Ù„ÙŠØ§Øª Ø¹Ù„Ù‰ Ø§Ù„Ù…Ù†ØµØ©.  

 Ø±Ø¬Ø§Ù„ -90kg:
ğŸ¥‡VAN T END NoelğŸ‡³ğŸ‡±
ğŸ¥ˆCRET AlexğŸ‡·ğŸ‡´
ğŸ¥‰BUBYR ArtemğŸ‡ºğŸ‡¦
ğŸ¥‰IVANOV IvayloğŸ‡§ğŸ‡¬

Ø±Ø¬Ø§Ù„ -100kg:
ğŸ¥‡FARA AaronğŸ‡¦ğŸ‡¹
ğŸ¥ˆEICH DanielğŸ‡¨ğŸ‡­
ğŸ¥‰DOSEN BojanğŸ‡·ğŸ‡¸
ğŸ¥‰REYES KyleğŸ‡¨ğŸ‡¦

#Judo #JudoWorlds https://t.co/I3AzZe3RHB","<a href=""https://mobile.twitter.com"" rel=""nofollow"">Twitter Web App</a>","list(long = NA, lat = NA, type = NA)","0","1","und","Al Judo Lakom","AlJudoLakom","Budapest, Hungary ","https://t.co/UjjWrLhJIN","Ø§Ù„Ø­Ø³Ø§Ø¨ Ø§Ù„Ø±Ø³Ù…ÙŠ Ù„ ''Ø§Ù„Ø¬ÙˆØ¯Ùˆ  Ù„ÙƒÙ…"".

Ø³ÙŠØªÙ… Ù†Ø´Ø± Ø¬Ù…ÙŠØ¹ Ø£Ø®Ø¨Ø§Ø± Ø§Ù„Ø¬ÙˆØ¯Ùˆ Ø¨Ø§Ù„Ù„ØºØ© Ø§Ù„Ø¹Ø±Ø¨ÙŠØ©.","124","64","0","5","57"
"14","2023-04-04 04:49:51","1642962634881245184","Ø§Ù„ÙŠÙˆÙ… Ø§Ù„Ø«Ø§Ù†ÙŠ ÙÙŠ #JudoAntalya ğŸ‡¹ğŸ‡· Ø£ØµØ­Ø§Ø¨ Ø§Ù„Ù…ÙŠØ¯Ø§Ù„ÙŠØ§Øª Ø¹Ù„Ù‰ Ø§Ù„Ù…Ù†ØµØ©.

Ù†Ø³Ø§Ø¡ -63kg:
ğŸ¥‡QUADROS KetleynğŸ‡§ğŸ‡·
ğŸ¥ˆSHEMESH InbalğŸ‡®ğŸ‡±
ğŸ¥‰HAECKER KatharinağŸ‡¦ğŸ‡º
ğŸ¥‰BEAUCHEMIN-PINARD CatherineğŸ‡¨ğŸ‡¦

Ù†Ø³Ø§Ø¡ -70kg:
ğŸ¥‡NIIZOE SakiğŸ‡¯ğŸ‡µ
ğŸ¥ˆMATIC BarbarağŸ‡­ğŸ‡·
ğŸ¥‰GOSHEN MayağŸ‡®ğŸ‡±
ğŸ¥‰TSUNODA ROUSTANT AiğŸ‡ªğŸ‡¸
#Judo #JudoWorlds https://t.co/tOaJcVE0zI","<a href=""https://mobile.twitter.com"" rel=""nofollow"">Twitter Web App</a>","list(long = NA, lat = NA, type = NA)","0","1","und","Al Judo Lakom","AlJudoLakom","Budapest, Hungary ","https://t.co/UjjWrLhJIN","Ø§Ù„Ø­Ø³Ø§Ø¨ Ø§Ù„Ø±Ø³Ù…ÙŠ Ù„ ''Ø§Ù„Ø¬ÙˆØ¯Ùˆ  Ù„ÙƒÙ…"".

Ø³ÙŠØªÙ… Ù†Ø´Ø± Ø¬Ù…ÙŠØ¹ Ø£Ø®Ø¨Ø§Ø± Ø§Ù„Ø¬ÙˆØ¯Ùˆ Ø¨Ø§Ù„Ù„ØºØ© Ø§Ù„Ø¹Ø±Ø¨ÙŠØ©.","124","64","0","5","57"
"15","2023-04-04 04:40:01","1642960159549825024","GOOD NEWS LIBRARY:Â The Core Concepts of Throwing Techniques by Steve Scott
Highlights Include: Sambo â€¢ Judo â€¢ Wrestling â€¢ Read More:Â https://t.co/S1UMdYIkhH 
#judo #sambo #wrestling #grappling #groundwork #throwing #takedown #tripping #jujitsu #jiujitsu #bjj #brazilianjiujitsu https://t.co/yHkRpBqV8u","<a href=""https://buffer.com"" rel=""nofollow"">Buffer</a>","list(long = NA, lat = NA, type = NA)","0","0","en","YMAA Publication Center Â®","ymaadotcom","New England, USA","http://t.co/7F051x1cFv","YMAA_com - Schools & Publishing. Yang's Martial Arts Association, Authors & Teachers of martial arts, qigong and healing.","4062","623","89","130","7858"
"16","2023-04-04 04:39:05","1642959923557576704","Ø§Ù„ÙŠÙˆÙ… Ø§Ù„Ø«Ø§Ù†ÙŠ ÙÙŠ #JudoAntalya ğŸ‡¹ğŸ‡·  Ø£ØµØ­Ø§Ø¨ Ø§Ù„Ù…ÙŠØ¯Ø§Ù„ÙŠØ§Øª Ø¹Ù„Ù‰ Ø§Ù„Ù…Ù†ØµØ©.  

 Ø±Ø¬Ø§Ù„  -73kg:
ğŸ¥‡LOMBARDO ManuelğŸ‡®ğŸ‡¹
ğŸ¥ˆTSEND-OCHIR TsogtbaatarğŸ‡²ğŸ‡³
ğŸ¥‰KAZIMIROV VladyslavğŸ‡ºğŸ‡¦
ğŸ¥‰HEYDAROV HidayatğŸ‡¦ğŸ‡¿

Ø±Ø¬Ø§Ù„  -81kg:
ğŸ¥‡CASSE MatthiasğŸ‡§ğŸ‡ª
ğŸ¥ˆMOLLAEI SaeidğŸ‡¦ğŸ‡¿
ğŸ¥‰GAUTHIER DRAPEAU FrancoisğŸ‡¨ğŸ‡¦
ğŸ¥‰DJALO Alpha OumarğŸ‡«ğŸ‡·
#Judo https://t.co/u5s07z0S04","<a href=""https://mobile.twitter.com"" rel=""nofollow"">Twitter Web App</a>","list(long = NA, lat = NA, type = NA)","0","1","und","Al Judo Lakom","AlJudoLakom","Budapest, Hungary ","https://t.co/UjjWrLhJIN","Ø§Ù„Ø­Ø³Ø§Ø¨ Ø§Ù„Ø±Ø³Ù…ÙŠ Ù„ ''Ø§Ù„Ø¬ÙˆØ¯Ùˆ  Ù„ÙƒÙ…"".

Ø³ÙŠØªÙ… Ù†Ø´Ø± Ø¬Ù…ÙŠØ¹ Ø£Ø®Ø¨Ø§Ø± Ø§Ù„Ø¬ÙˆØ¯Ùˆ Ø¨Ø§Ù„Ù„ØºØ© Ø§Ù„Ø¹Ø±Ø¨ÙŠØ©.","124","64","0","5","57"
"17","2023-04-04 04:07:50","1642952061489758208","Paljon puhuttu viime aikoina urheilun positiivisista vaikutuksista mielenterveyteen ja ite ainakin approovaan ne tÃ¤ysin. Eilen mieli aika pahasti maassa kisojen takia mutta nyt hyvÃ¤ fiilis taas kun treeneissÃ¤ kulki. Jatketaan. ğŸ“ˆ #judo #judofi","<a href=""http://twitter.com/download/iphone"" rel=""nofollow"">Twitter for iPhone</a>","list(long = NA, lat = NA, type = NA)","1","11","fi","Martti Puumalainen","Marttijudoka","",,"Ammattijudoka, kersantti, urheilufani. Sotilaiden MMğŸ¥‰ğŸ¥‹","251","444","0","9739","666"
"18","2023-04-04 04:02:18","1642950667286241280","#Judo is a tremendous and dynamic #combatsport that demands physical prowess and great #mentaldiscipline. It involves techniques that allow you to lift and throw your opponents onto their backs &amp; control them, and apply various #chokeholds or joint locks until submission. https://t.co/4LJahHfIpn","<a href=""https://cloudcampaign.io/"" rel=""nofollow"">Cloud Campaign</a>","list(long = NA, lat = NA, type = NA)","0","0","en","Lightning Tigers MAA","LT_MAA","Marksville, Louisiana","https://t.co/ApE5kM6VM8","Traditional Martial Arts and Modern Street Self Defense that does not disappoint.","0","15","0","0","193"
"19","2023-04-04 03:58:42","1642949760565800960","Luego de participar en el el Macro Regional de #Judo, que se celebrÃ³ el fin de semana en Celaya, Guanajuato, los judocas michoacanos Romina Rubio, Ãngel Castro y Ãngel Duarte obtuvieron sus boletos a los #JuegosNacionalesCONADE2023

#DeportivaMich 

https://t.co/QJHn3H8odQ","<a href=""http://twitter.com/download/android"" rel=""nofollow"">Twitter for Android</a>","list(long = NA, lat = NA, type = NA)","2","3","es","DeportivaMichoacÃ¡n","DeportivaMich","Morelia, Mich. MÃ©xico","https://t.co/WT5fLHIRF3","Medio de comunicaciÃ³n con la mejor informaciÃ³n de todos los Deportes a Nivel Local, Nacional e Internacional | siguenos tambiÃ©n en @247NoticiasMich","249","234","17","13713","13817"
"20","2023-04-04 03:51:30","1642947950065098752","Tonight at 11pm ET, our daily deal :
Finishers ""Reaper"" Hoodie â˜ ï¸
For only $39 Limited quantities.
Offer expires at 11pm ET / 8pm PT.
-
#judoÂ #mmaÂ #bjjÂ #gymÂ #leglockÂ #armbarÂ #wrestlingÂ #heelhookÂ #rashguardÂ #nogiÂ #berimbolo https://t.co/0vjfdPkR89","<a href=""https://mobile.twitter.com"" rel=""nofollow"">Twitter Web App</a>","list(long = NA, lat = NA, type = NA)","1","4","en","BJJHQ","BJJHQ","West Haverstraw, NY","https://t.co/eOtmsUGmbs","Jiu Jitsu Daily Deals | https://t.co/QjNGzgxwoS | 24-hour flash sales since 2009 | New product @ 11pm EST daily. 
 
Need help? cs@bjjhq.com 
Need more? https://t.co/0apkKjFHHx","14523","7882","93","92","6639"
"21","2023-04-04 03:48:42","1642947246835548160","Tonight at 11pm ET, our daily deal :
Finishers ""Reaper"" Hoodie
For only $39 visit https://t.co/YZjay5gHvy now
Offer expires at 11pm ET / 8pm PT.
Menâ€™s and womenâ€™s sizes are available
-
#judo #mma #bjj #gym #leglock #armbar #wrestling #heelhook #rashguard #nogi r https://t.co/TgsiBzbgbB","<a href=""https://mobile.twitter.com"" rel=""nofollow"">Twitter Web App</a>","list(long = NA, lat = NA, type = NA)","0","1","en","BJJHQ","BJJHQ","West Haverstraw, NY","https://t.co/eOtmsUGmbs","Jiu Jitsu Daily Deals | https://t.co/QjNGzgxwoS | 24-hour flash sales since 2009 | New product @ 11pm EST daily. 
 
Need help? cs@bjjhq.com 
Need more? https://t.co/0apkKjFHHx","14523","7882","93","92","6639"
"22","2023-04-04 03:48:26","1642947176878817280","Volunteers needed ! JOIN NOW.
BÃ©nÃ©voles recherchÃ©s! Inscrivez-vous maintenant.
ğŸ‘‰https://t.co/RBOY5jMrXR
#judo #judocanada #PanamOceania2023 #JudoCalgary https://t.co/A7KxSn8f7P","<a href=""https://mobile.twitter.com"" rel=""nofollow"">Twitter Web App</a>","list(long = NA, lat = NA, type = NA)","1","6","fr","Judo Canada","JudoCanada","MontrÃ©al","https://t.co/bTRqG55sGW","The programs of Judo Canada are funded in part by the Government of Canada. Les programmes de Judo Canada sont financÃ©s en partie par le gouvernement du Canada.","10039","2225","175","6998","20590"
"23","2023-04-04 03:48:05","1642947092296392704","Today's 24-hour deal is here!ğŸ“£
Finishers ""Reaper"" Hoodie
For only $39 visit https://t.co/YZjay5gHvy now
Offer expires at 11pm ET / 8pm PT.
Menâ€™s and womenâ€™s sizes are available
-
#judo #mma #bjj #gym #leglock #armbar #wrestling #heelhook #rashguard #nogi r https://t.co/Lo77Y14n0R","<a href=""https://mobile.twitter.com"" rel=""nofollow"">Twitter Web App</a>","list(long = NA, lat = NA, type = NA)","0","0","en","BJJHQ","BJJHQ","West Haverstraw, NY","https://t.co/eOtmsUGmbs","Jiu Jitsu Daily Deals | https://t.co/QjNGzgxwoS | 24-hour flash sales since 2009 | New product @ 11pm EST daily. 
 
Need help? cs@bjjhq.com 
Need more? https://t.co/0apkKjFHHx","14523","7882","93","92","6639"
"24","2023-04-04 03:36:00","1642944048267771904","ğŸ“š FONDAMENTI DEL JUDO - DI JIGORO KANO ğŸ¥‹
Analisi dettagliata della didattica e dei fondamenti del Judo come disciplina da combattimento e filosofia di vita oltre ad una visione dello sport in generale.  

ğŸ· Acquista su Amazon:

ğŸ‘‰ https://t.co/BqzMZCFyVP

#kombatnet #judo https://t.co/tFk569Z0i1","<a href=""https://mobile.twitter.com"" rel=""nofollow"">Twitter Web App</a>","list(long = NA, lat = NA, type = NA)","0","2","it","Kombatnet","KombatnetItalia","Pesaro, Italia","https://t.co/A0Gi5gtC5k","Social network for fighters","150","771","0","339","2748"
"25","2023-04-04 03:16:59","1642939265444200448","@EdinburghJudo teaching session for the Ukranian play project last week. Lots of fun and some new skills learnt ğŸ‘ğŸ»

#judo #ukranianproject #play #newskills #empoweringyoungpeople https://t.co/0torWhxYoT","<a href=""http://twitter.com/download/android"" rel=""nofollow"">Twitter for Android</a>","list(long = NA, lat = NA, type = NA)","0","0","en","YMCA Edinburgh","YMCAEdinburgh","86 space, The Junction EH6 5LL","https://t.co/TydtRmBXUk","YMCA Edinburgh is part of an inclusive global movement that gives all, especially young people the space and opportunity to belong, contribute and thrive ğŸ”»","1583","1875","36","6392","4049"
"26","2023-04-04 03:05:25","1642936354202959872","PatrÃ­cia Sampaio jÃ¡ Ã© a judoca portuguesa com melhor ranking olÃ­mpico https://t.co/XWTwMdsnZH #judo #PatrÃ­ciaSampaio","<a href=""https://ominho.pt"" rel=""nofollow"">Wordpress O MINHO</a>","list(long = NA, lat = NA, type = NA)","0","1","pt","O MINHO","ominhopt","Minho","https://t.co/G4jDJYvTZj","Porque o Minho jÃ¡ merecia um jornal digital assim.","4110","144","39","125","96832"
"27","2023-04-04 03:00:14","1642935048990081024","Une sacrÃ©e performance pour la jeune femme. #Normandie #Manche #judo https://t.co/kgsKzymau0","<a href=""https://correspondant.lamanchelibre.fr"" rel=""nofollow"">La Manche Libre New App</a>","list(long = NA, lat = NA, type = NA)","0","1","fr","La Manche Libre","lamanchelibre","Normandie, France","https://t.co/ebtbXqq47V","Le compte officiel du premier hebdomadaire rÃ©gional de France ! Couvre l'actualitÃ© de la #Manche et de l'Ouest du #Calvados, en #Normandie","11155","299","291","43","45275"
"28","2023-04-04 02:45:55","1642931445705367552","Le club est Ã  la recherche dâ€™un professeur de judo ğŸ¥‹ 

Merci de partager pour nous aider Ã  poursuivre nos recherches !

ğŸ˜

#judo #boucherville #sport #judolife https://t.co/L1SR18w9mp","<a href=""http://twitter.com/download/iphone"" rel=""nofollow"">Twitter for iPhone</a>","list(long = NA, lat = NA, type = NA)","1","3","fr","Club de Judo Boucherville","BouchervilleJ","Boucherville, QuÃ©bec","https://t.co/BXOmMOiqk1","Compte officiel Official account Complexe aquatique Laurie-Eve-Cormier 490 Chemin du Lac, Boucherville, Qc J4B 6X3, Canada http://www.boutique-judobouchervill","216","180","2","838","720"
"29","2023-04-04 02:00:01","1642919895133216768","#LimaLama, conocida como ""La mano de la sabidurÃ­a"", es un arte marcial de origen polinesio que incorpora distintas disciplinas samoanas, como el Lua, #Box ğŸ¥Š, #Judo, sil lum kung-fu, kempo chino .

Actualmente se practica en el @IPN_MX y podrÃ¡s conocerlo en #DTodo a las 18:30h. https://t.co/hHLfetmQIp","<a href=""https://mobile.twitter.com"" rel=""nofollow"">Twitter Web App</a>","list(long = NA, lat = NA, type = NA)","2","10","es","D Todo","D_todo","CDMX y el mundo ğŸŒ","https://t.co/I0VbPcotDC","Descubre culturas, deportes, comida y DTodo de lunes a jueves a las 18:30 h con @AlexiaAvila_, sintonÃ­zalo por @CanalOnceTV y en redes sociales. ğŸ“ºğŸ’»","10424","98","76","2778","3984"
"30","2023-04-04 01:45:39","1642916278946988032","#CRC | Judocas regatenses protagonistas en la â€œTierra Coloradaâ€

ğŸ”— https://t.co/lm8zTuqriU #Judo #VamosParque https://t.co/11abTngJZk","<a href=""http://twitter.com/download/android"" rel=""nofollow"">Twitter for Android</a>","list(long = NA, lat = NA, type = NA)","0","2","es","ClubdeRegatasCorrientes","ClubRegatasCtes","Corrientes - Argentina","https://t.co/3J5lAjJfyj","ğŸ‘ğŸ¼ Facebook: https://t.co/iqa04CyERi                                          
ğŸ‘» Instagram: https://t.co/0uN6EnzGeU","9351","598","53","8139","20302"
"31","2023-04-04 01:24:43","1642911011681325056","Cumhuriyetimizin 100 YÄ±lÄ±nda Ãœlkemize YakÄ±ÅŸÄ±r BÃ¼yÃ¼k Bir Organizasyonu TamamlamanÄ±n Gururunu YaÅŸÄ±yoruz 83 Ãœlkeden 600 Sporcunun YarÄ±ÅŸtÄ±ÄŸÄ± Antalya #judo Grand Slamda YarÄ±ÅŸan Ve Madalya Kazanan TÃ¼m SporcularÄ±mÄ±zÄ± ve Teknik Ekibimizi KutluyorumğŸ‘ğŸ‡¹ğŸ‡· @turkjudo https://t.co/d1m8AHapdp","<a href=""http://twitter.com/download/iphone"" rel=""nofollow"">Twitter for iPhone</a>","list(long = NA, lat = NA, type = NA)","6","53","tr","Sezer Huysuz","shuysuz","Ankara","https://t.co/kH4Q36y5nE","TÃ¼rkiye Judo Federasyonu BaÅŸkanÄ±","4767","1617","10","202036","25174"
"32","2023-04-04 01:15:19","1642908646672670720","#Judo 

Presencia ğŸ‡¦ğŸ‡· en el Grand Slam en Antalya ğŸ‡¹ğŸ‡·. AgustÃ­n Gil (-81 kg) protagonizÃ³ la actuaciÃ³n mÃ¡s destacada con el acceso a la semifinal del grupo B

ğŸ“· @Judo https://t.co/FhjGe6cwO8","<a href=""https://mobile.twitter.com"" rel=""nofollow"">Twitter Web App</a>","list(long = NA, lat = NA, type = NA)","0","1","es","ğ™„ğ™™ğ™šğ™£ğ™©ğ™ğ™™ğ™–ğ™™ ğ˜¿ğ™šğ™¥ğ™¤ğ™§ğ™©ğ™ğ™«ğ™–","idendeportiva","",,"ğŸ…ğŸ‡¦ğŸ‡· Hacemos cobertura del deporte argentino       â¡ï¸ IG: @idendeportiva ğŸ“² â€¢ Creadores: Marcos Vergani (@deporte_mv) y AgustÃ­n Zendra (@agustinzendra)ğŸ™ï¸","147","469","2","286","2584"
"33","2023-04-04 01:06:32","1642906434701492224","Persistence earns Kyle Reyes ağŸ¥‰medal
ğŸ‡¨ğŸ‡¦wraps up Antalya Grand Slam with four fabulous medals
https://t.co/hETv1Fu4ZJ
Lâ€™acharnement mÃ¨ne Kyle Reyes Ã  la mÃ©daille değŸ¥‰
ğŸ‡¨ğŸ‡¦conclut le Grand Chelem dâ€™Antalya avec quatre mÃ©dailles
https://t.co/0Y36ewxyKe
#judo #judocanada #JudoAntalya https://t.co/vwy9GtcXMX","<a href=""https://mobile.twitter.com"" rel=""nofollow"">Twitter Web App</a>","list(long = NA, lat = NA, type = NA)","2","5","fr","Judo Canada","JudoCanada","MontrÃ©al","https://t.co/bTRqG55sGW","The programs of Judo Canada are funded in part by the Government of Canada. Les programmes de Judo Canada sont financÃ©s en partie par le gouvernement du Canada.","10039","2225","175","6998","20590"
"34","2023-04-04 00:34:25","1642898353309511680","En attendant #Paris2024 ğŸ¥‹ #Judo
#JudoAntalya #FranceJudo https://t.co/11axhcSXDE","<a href=""http://twitter.com/download/android"" rel=""nofollow"">Twitter for Android</a>","list(long = NA, lat = NA, type = NA)","5","5","fr","Sport Business Mag","SBMOff","","https://t.co/OjKHXG6e66","Sport Business Mag est un blog Ã©tudiant traitant de toute l'actualitÃ© sportive. Articles, sondages, Breaking News Ã§a se passe ici ! ğŸš¨
#SBM","64","140","0","8","114"
"35","2023-04-04 00:32:23","1642897840396541952","JUDO MODERNO. ğŸ‡¯ğŸ‡µ: https://t.co/1hudX2MyHT 
#Judo #libro #artesmarciales #LibrosRecomendados","<a href=""https://mobile.twitter.com"" rel=""nofollow"">Twitter Web App</a>","list(long = NA, lat = NA, type = NA)","0","0","pt","Oz Martial Arts â˜¯ï¸ğŸ”¥","MederosRogelio","Link â¡ï¸","https://t.co/qg1sAcIdFb","AquÃ­ encontrarÃ¡s lo mejor del Cine, Artes Marciales, Entrenamiento fÃ­sico y mucho mÃ¡s.
Martial Arts Movies, Horror, Videos, Training. #artesmarciales #videos","120","217","2","794","20788"
"36","2023-04-04 00:21:25","1642895082255704064","Destaques da semana!

ğŸ¥‹ Veja as conquistas do Grand Slam de judÃ´
ğŸ¤¸ğŸ»â€â™€ï¸ medalha inÃ©dita na Copa do Mundo de GinÃ¡stica RÃ­tmica
âš½ e o novo nome para seleÃ§Ã£o brasileira e goleada no BrasileirÃ£o

ğŸ“¸: judogallery

#futebol #futebolfeminino #judÃ´ #judo #ginÃ¡sticarÃ­tmica #ginasticaritmica https://t.co/5PrHFmCgtx","<a href=""https://mobile.twitter.com"" rel=""nofollow"">Twitter Web App</a>","list(long = NA, lat = NA, type = NA)","0","0","pt","Papo de Mina","papomina","","https://t.co/YIiHnzSMRa","redacao@papodemina.com","572","180","4","763","1067"
"37","2023-04-04 00:12:55","1642892941482942464","Results of the Irish National MMA Championships in the Senior Welterweight Blue + Division ğŸ‡®ğŸ‡ª

#mma #ufc #boxing #bjj #muaythai #kickboxing #jiujitsu #fitness #martialarts #wrestling #fight #grappling #training #karate #mmafighter #fighter #gym #mixedmartialarts #judo #sport https://t.co/9Gnx8OwKYD","<a href=""http://twitter.com/download/android"" rel=""nofollow"">Twitter for Android</a>","list(long = NA, lat = NA, type = NA)","2","3","en","IMMAA","IMMAAOnline","Dublin City, Ireland","https://t.co/WpyTYUVV2H","The Irish Mixed Martial Arts Association is the National Governing Body for MMA within Ireland #IrishMMA","979","83","4","499","1216"
"38","2023-04-04 00:11:24","1642892560786915328","We conducted our workshop for 35 Judo athletes and their coaches in Indapur judo center at Shah Sanskritik Bhavan. 

#SimplyPeriods #simplysportfoundation #simplysport #Indapur #judo https://t.co/uw3doCTTIF","<a href=""http://twitter.com/download/android"" rel=""nofollow"">Twitter for Android</a>","list(long = NA, lat = NA, type = NA)","1","3","en","Simply Sport Foundation","_SimplySport","India","https://t.co/RWuIyAG1Nx","At Simply Sport Foundation, our purpose is to help grassroots athletes succeed in sport and life.","1455","560","4","5677","3280"
"39","2023-04-04 00:08:10","1642891747356209152","Cette organisation leur permet de sâ€™habituer et d'entrevoir ce que vivent nos champions
@francejudo. 

Les cadets ont un championnat aussi qualitatif et professionnel que les sÃ©niors. Nous en sommes fiers !  #FierDetreJudoka #Judo #Sport","<a href=""http://twitter.com/download/iphone"" rel=""nofollow"">Twitter for iPhone</a>","list(long = NA, lat = NA, type = NA)","1","4","fr","StÃ©phane Nomis","steph_nomis","Paris, France","https://t.co/Qu0n7sD2SZ","ğŸ¥‹PrÃ©sident de @francejudo_ #Judo 
ğŸ’¼ CEO @ippontech  
ğŸš€ Entrepreneur 
ğŸ PrÃ©sident @fondationIppon 
ğŸ“¸Â© SÃ©bastien Soriano / Figarophoto","3553","2500","64","12108","2544"
"40","2023-04-04 00:00:00","1642889690096467968","Espectacular fin de semana de #judo para el #Sanfer en el Campeonato de Asturias infantil y cadete y en el rÃ¡nking alevÃ­n, celebrados en el polideportivo de El Quirinal.

MartÃ­n Quiroga, Alba SÃ¡nchez y Sara Zapatero, campeones y clasificados  para el Campeonato de EspaÃ±a. https://t.co/bBnsZzNFA8","<a href=""https://mobile.twitter.com"" rel=""nofollow"">Twitter Web App</a>","list(long = NA, lat = NA, type = NA)","0","0","es","Colegio Internacional San Fernando","ColegioSanfer","AvilÃ©s, EspaÃ±a","https://t.co/FWzEZQqq9B","Colegio BilingÃ¼e privado con Bachillerato Internacional (PYP, MYP, DP). Ed Infantil desde 0 aÃ±os. Google Reference School. Examinador Cambridge. Concertado","224","133","0","400","693"
"41","2023-04-03 23:44:53","1642885889159319552","ğŸ”¹ErciÅŸ GenÃ§lik ve Spor Ä°lÃ§e MÃ¼dÃ¼rlÃ¼ÄŸÃ¼

Judo ğŸ¥‹
Voleybol ğŸ
Atletizm ğŸƒ

AlanÄ±nda uzman antrenÃ¶rlerimiz gÃ¶zetiminde #Judo #Voleybol ve #Atetizm Ã§alÄ±ÅŸmalarÄ±mÄ±z devam ediyor.

ğŸ“ErciÅŸ Futbol SahasÄ± ve Spor Salonu https://t.co/QXvcEWIlg9","<a href=""https://mobile.twitter.com"" rel=""nofollow"">Twitter Web App</a>","list(long = NA, lat = NA, type = NA)","2","2","tr","Van GenÃ§lik ve Spor Ä°l MÃ¼dÃ¼rlÃ¼ÄŸÃ¼","GSB_Van","Van, TÃ¼rkiye","https://t.co/esZ49KRdng","Van GenÃ§lik ve Spor Ä°l MÃ¼dÃ¼rlÃ¼ÄŸÃ¼'ne ait resmi Twitter hesabÄ±dÄ±r.","3180","2332","8","2134","45996"
"42","2023-04-03 23:44:40","1642885831391170560","https://t.co/ajjVXsDpFj @ANAGMeNDEZ @UPV @interocs @politecnica #ATLETAS #Atletismo #Baloncesto #BOLETOS @CARIBBEANUNIFERSITY @CENTRALBAYAMoN #DISCIPLINAS #FESTIVALDEPORTIVO #interamericana #JUDO  @LAI  #NATACIoN @PoLITeCNICA #PORRISMO #UNIVCATÃ“LICA @SAGRADOCORAZoN #SOFTBOL","<a href=""https://mobile.twitter.com"" rel=""nofollow"">Twitter Web App</a>","list(long = NA, lat = NA, type = NA)","0","1","und","Magazine-PR","MagazinePR3","","https://t.co/rA4SlNv8l6","","112","915","2","369","1889"
"43","2023-04-03 23:27:32","1642881521303289856","#Judo pedagogy emphasizes randori (literally ""taking chaos"", but meaning ""free practice"").","<a href=""https://mobile.twitter.com"" rel=""nofollow"">Twitter Web App</a>","list(long = NA, lat = NA, type = NA)","0","0","en","Judo Guide","JudoGuide","Worldwide","https://t.co/AinumSmuc7","Improve Your Judo Techniques and Power","3089","4886","8","42","22108"
"44","2023-04-03 23:02:07","1642875126478696448","#judo ğŸ¥‹ 
#dariabilodid https://t.co/pLbJUASb40","<a href=""https://mobile.twitter.com"" rel=""nofollow"">Twitter Web App</a>","list(long = NA, lat = NA, type = NA)","1","3","und","JustFightsJFP2","JustFightsJFP2","","https://t.co/9Bm4MlKDWu","Just Fights Productions (JFP2) back-up 
DM or email us your fight videos: submit@justfightsjfp.com
Also on Fb: https://t.co/8G7OEEAtUDâ€¦","18648","3441","80","10855","8574"
"45","2023-04-03 23:00:56","1642874826925670400","What are you waiting for? ğŸ˜¤
.
.
.
.
#RDXSports #TeamRDX #Motivation #DailyMotivation #RDXmotivation #dedication #goals #Combatsports #Boxing #Kickboxing #MuayThai #MMA #BJJ #Judo #Taekwondo #mindset #mentality #perspective #quotes #quotestoliveby #consistency #success #hardwork https://t.co/xiYqZ6gEwJ","<a href=""https://contentstudio.io"" rel=""nofollow"">ContentStudio.io</a>","list(long = NA, lat = NA, type = NA)","0","3","en","RDX Sports","RDXSports","United Kingdom","https://t.co/zPLc3y9LpS","All about Fight and Fitness - #TeamRDX","39112","6555","121","3453","12506"
"46","2023-04-03 22:49:23","1642871919191150592","ã€å¤§ä¼šçµæœã®ãŠçŸ¥ã‚‰ã›ã€‘
2023å¹´å…¨æ—¥æœ¬é¸æŠœæŸ”é“ä½“é‡åˆ¥é¸æ‰‹æ¨©å¤§ä¼š

90kgç´šã€€æŠ¼é ˜å¸ã€€1å›æˆ¦è² ã‘
100kgç´šã€€ç¥å£      1å›ç·šè² ã‘

å¿œæ´ã„ãŸã ã„ãŸçš†ã•ã¾ã‚ã‚ŠãŒã¨ã†ã”ã–ã„ã¾ã—ãŸã€‚
å¼•ãç¶šãå¿œæ´ã®ç¨‹ã‚ˆã‚ã—ããŠé¡˜ã„è‡´ã—ã¾ã™ã€‚
#äº¬è‘‰ã‚¬ã‚¹æŸ”é“éƒ¨
#2023å¹´å…¨æ—¥æœ¬é¸æŠœæŸ”é“ä½“é‡åˆ¥é¸æ‰‹æ¨©å¤§ä¼š
#æŸ”é“
#JUDO
#judo","<a href=""http://twitter.com/download/iphone"" rel=""nofollow"">Twitter for iPhone</a>","list(long = NA, lat = NA, type = NA)","1","11","ja","äº¬è‘‰ã‚¬ã‚¹æŸ”é“éƒ¨","keiyogasjudo","åƒè‘‰ å¸‚å·å¸‚","https://t.co/uhEYTynQJ2","äº¬è‘‰ã‚¬ã‚¹æŸ”é“éƒ¨Twitterã§ã™ã€‚ é¸æ‰‹ç´¹ä»‹ã‚„è©¦åˆçµæœç­‰ã‚’æ²è¼‰ã—ã¾ã™ã€‚ é ‚ã„ãŸã‚³ãƒ¡ãƒ³ãƒˆã«ã¯è¿”ä¿¡è‡´ã—ã‹ã­ã¾ã™ã€‚ âœ³ï¸ç”»åƒã®ç„¡æ–­è»¢è¼‰ã¯ç¦æ­¢ã¨ã•ã›ã¦ã„ãŸã ãã¾ã™ã€‚ #äº¬è‘‰ã‚¬ã‚¹æŸ”é“éƒ¨ #keiyogasjudo","449","11","1","112","129"
"47","2023-04-03 22:34:11","1642868096376381440","ğŸ“¢Â¡AtenciÃ³n!

Estas son las competencias que nos esperan estÃ¡ semana ğŸ¤©

//

ğŸ“¢ Attention!

There are they competition that await us this week ğŸ¤©

@panamsports 
@centrocaribesports 
@panamaquatics 
@cpjudo 
@c0paci 
@worldkaratefederation 

#judo #waterpolo #karate #ciclismo https://t.co/094EL6UAfS","<a href=""http://twitter.com/download/android"" rel=""nofollow"">Twitter for Android</a>","list(long = NA, lat = NA, type = NA)","1","0","es","ACODEPA","ACODEPAOficial","Guatemala",,"Twitter oficial de la AsociaciÃ³n de Confederaciones Deportivas Panamericanas","239","126","1","364","409"
"48","2023-04-03 22:33:03","1642867808944943104","ğŸ“¢Â¡AtenciÃ³n!

Estas son las competencias que nos esperan estÃ¡ semana ğŸ¤©

//

ğŸ“¢ Attention!

There are they competition that await us this week ğŸ¤©

@panamsports 
@centrocaribesports 
@panamaquatics 
@cpjudo 
@c0paci 
@worldkaratefederation 

 #judo #waterpolo #karate #ciclismo https://t.co/sDdrFcDUgf","<a href=""http://twitter.com/download/android"" rel=""nofollow"">Twitter for Android</a>","list(long = NA, lat = NA, type = NA)","3","1","es","ACODEPA","ACODEPAOficial","Guatemala",,"Twitter oficial de la AsociaciÃ³n de Confederaciones Deportivas Panamericanas","239","126","1","364","409"
"49","2023-04-03 22:30:10","1642867082122391552","ğŸ¥‹ More than a #judo legend!
ğŸŒŸ #MajlindaKelmendi

https://t.co/nb6pu3HqDP","<a href=""https://mobile.twitter.com"" rel=""nofollow"">Twitter Web App</a>","list(long = NA, lat = NA, type = NA)","0","4","en","Veton","VetonZagi","Prishtina, Kosova",,"Prishtina based comms and media. #Chevening alumni.","322","451","7","5278","1736"
"50","2023-04-03 22:16:14","1642863577924026368","ğŸ¥‹Algunas fotografÃ­as de nuestros alumnos y profes judokas ğŸ¥°ğŸ” en el Campeonato Promocional de Judo celebrado en MadridğŸ‘ğŸ‘ #judo #clubdeportivobalder #judobalder 
@LourdesAtrio https://t.co/7yJJtIryKc","<a href=""https://mobile.twitter.com"" rel=""nofollow"">Twitter Web App</a>","list(long = NA, lat = NA, type = NA)","0","1","es","Colegio Balder","ColegioBalder","Madrid","https://t.co/F5oxvHVe6a","MetodologÃ­a innovadora ğŸ’¡
Desarrollamos la Inteligencia Emocional de los alumnos â¤ï¸
Bachillerato artÃ­stico ğŸ¨  AtenciÃ³n a la diversidad â­","1339","728","47","1058","3334"
"51","2023-04-03 21:59:26","1642859351479300096","ãƒ•ã‚©ãƒ¼ãƒ ã®ä½œã‚Šè¾¼ã¿ï¼
ç°¡å˜ãã†ã§ã‚‚ãƒ•ã‚©ãƒ¼ãƒ ã‚’ä½œã‚Šè¾¼ã‚€ï¼
è‚©ã¯ãƒã‚¤ãƒ¬ãƒƒãƒ—ã¨é«˜é‡é‡ã®ä¸¡æ–¹ã‹ã‚‰é›ãˆã‚‹å¿…è¦ãŒã‚ã‚‹ï¼
ã¾ãšã¯ãƒ‘ãƒ³ãƒ—ã•ã›ã‚‹ï¼

#judo #power #shoulder https://t.co/GxauQTaXDE","<a href=""http://twitter.com/download/iphone"" rel=""nofollow"">Twitter for iPhone</a>","list(long = NA, lat = NA, type = NA)","0","1","ja","Junya Funatoï¼ ãƒˆãƒ¬ãƒ¼ãƒ‹ãƒ³ã‚°ã‚³ãƒ¼ãƒ","FunatoJunya","å¤§é˜ª å¤§é˜ªå¸‚ã€€æ±æ·€å·åŒº","https://t.co/7Yuz7YW5Rb","ãƒ‘ãƒ•ã‚©ãƒ¼ãƒãƒ³ã‚¹å‘ä¸Šã®ãŸã‚ã®æƒ…å ±ã‚’ç™ºä¿¡ä¸­/ãƒˆãƒ¬ãƒ¼ãƒ‹ãƒ³ã‚°ã‚’é€šã—ã¦ãƒ‘ãƒ•ã‚©ãƒ¼ãƒãƒ³ã‚¹ã‚’ä¸Šã’ã¦ã¿ãˆãªã„ä¸–ç•Œã¸/ é«˜æ ¡ç”Ÿã‹ã‚‰å¤§å­¦ç”Ÿã®ãƒˆãƒ¬ãƒ¼ãƒ‹ãƒ³ã‚°ã«é–¢ã™ã‚‹çŸ¥è­˜ã®å•“è’™ã¨å®Ÿè·µ/ã‚±ã‚¬äºˆé˜²/å­¦ç”Ÿã‚¢ã‚¹ãƒªãƒ¼ãƒˆ1000åä»¥ä¸ŠæŒ‡å°/ ãƒ‡ãƒ¼ã‚¿ã‚’ä½¿ã£ãŸãƒˆãƒ¬ãƒ¼ãƒ‹ãƒ³ã‚°æŒ‡å°","288","375","2","335","892"
"52","2023-04-03 21:56:34","1642858629651890176","ğŸ¥‹  FinalizaÃ§Ãµes com o joelho na barriga ğŸ¥‹ 

#JiuJitsu #bjjlife #bjjmotivation #judo #bjjmoves #brazilianjiujitsulifestyle #drill #bjjtechniques #jiujitsustyle #JiuJitsu #nogi #lutalivre #Oss https://t.co/Fd98wbQsdK","<a href=""http://twitter.com/download/android"" rel=""nofollow"">Twitter for Android</a>","list(long = NA, lat = NA, type = NA)","5","27","pt","SANDIEGO","FeSanDiegoBJJ","Curitiba/Cascavel","https://t.co/1E7qrJcI9D","CascaGrossa ğŸ¥‡","1686","224","1","54425","4131"
"53","2023-04-03 21:38:17","1642854025702825984","#NihonSportBlog (https://t.co/J1DWthd9bZ): HJP S305, Eetproblematiek en judo https://t.co/VxjPDg4uVb

#NihonSport #KiesKwaliteit #PersonalPassionPerfection #afvallen #gewicht #judo #JBN #JudoBond https://t.co/R5FUXLJI34","<a href=""https://www.hootsuite.com"" rel=""nofollow"">Hootsuite Inc.</a>","list(long = NA, lat = NA, type = NA)","0","0","nl","Nihon Sport","NihonSport","Helmond, the Netherlands","https://t.co/gSFJ8HOC9f","","1323","414","47","381","20731"
"54","2023-04-03 21:37:09","1642853741656264704","Congratulations to Sean Allan who has been selected to represent @SOGreatBritain at the upcoming Berlin 2023 Special Olympic World Games

#Judo #SpecialOlympics

https://t.co/XVbipgtvfV","<a href=""https://www.hootsuite.com"" rel=""nofollow"">Hootsuite Inc.</a>","list(long = NA, lat = NA, type = NA)","1","8","en","#WeAreGBJudoğŸ‡¬ğŸ‡§ğŸ¥‹","BritishJudo","Walsall, UK","https://t.co/xNzJcLNOfz","The British Judo Association (BJA) is the National Governing Body for Judo in Great Britain. Find a club and get a free first lesson!","24254","640","318","10897","33757"
"55","2023-04-03 21:18:49","1642849127556890624","Ğ’Ğ°Ğ³Ğ½ĞµÑ€ Ğ¿Ğ¾Ğ¼ÑÑ‚Ğ¸Ğ²ÑÑ Ğ·Ğ° Ğ¢Ğ°Ñ‚Ğ°Ñ€ÑÑŒĞºĞ¾Ğ³Ğ¾ Ñ– Ğ²Ğ·ÑĞ² Ğ‘Ğ°Ñ…Ğ¼ÑƒÑ‚ #Judo #GM GM #psoriasis #vitiligo https://t.co/WqneM1vPFO","<a href=""https://mobile.twitter.com"" rel=""nofollow"">Twitter Web App</a>","list(long = NA, lat = NA, type = NA)","0","0","uk","ğŸ‡ºğŸ‡¦Ğ”Ğ°Ğ½Ğ¸Ğ» ĞšÑƒÑˆĞ½Ñ–Ñ€","Nesarah06734744","Ğ§ĞµÑ€Ğ²Ğ¾Ğ½Ğ¾Ğ³Ñ€Ğ°Ğ´",,"ğŸ‡ºğŸ‡¦Ğ¯ĞºÑ‰Ğ¾ Ğ² Ñ‚ÑƒĞ°Ğ»ĞµÑ‚Ñ– Ñ€Ğ¾Ğ·Ğ¼Ñ–ÑÑ‚Ğ¸Ñ‚Ğ¸ Ğ¿Ğ¾Ğ»ĞºÑƒ Ğ´Ğ»Ñ ĞºĞ½Ğ¸Ğ¶Ğ¾Ğº, Ğ¼Ğ¾Ğ¶Ğ½Ğ° Ğ·Ğ´Ğ¾Ğ±ÑƒÑ‚Ğ¸ Ğ½ĞµĞ¿Ğ¾Ğ³Ğ°Ğ½Ñƒ Ğ¾ÑĞ²Ñ–Ñ‚Ñƒ)))","0","2","0","0","1"
"56","2023-04-03 21:18:25","1642849026159591424","Ğ¡Ñ‚Ğ°Ğ»Ğ¾ÑÑ Ñ‚Ğµ, Ñ‡Ğ¾Ğ³Ğ¾ Ğ²ÑÑ– Ğ¾Ñ‡Ñ–ĞºÑƒĞ²Ğ°Ğ»Ğ¸. Ğ Ğ¾ÑÑ–ÑĞ½Ğ¸ Ğ²Ğ·ÑĞ»Ğ¸ Ğ‘Ğ°Ñ…Ğ¼ÑƒÑ‚ #Judo #GM GM #psoriasis #vitiligo https://t.co/tf5VsmU1C4","<a href=""https://mobile.twitter.com"" rel=""nofollow"">Twitter Web App</a>","list(long = NA, lat = NA, type = NA)","0","0","uk","ğŸ‡ºğŸ‡¦ĞšÑ–Ñ€Ğ° Ğ“ÑƒÑ†Ğ¸Ğ½ÑĞº","Nits9594","Ğ”Ğ¾Ğ½ĞµÑ†Ğº",,"ğŸ‡ºğŸ‡¦ĞĞ°Ñ€Ğ¾Ğ´Ğ½Ğ° Ğ²Ğ»Ğ°Ğ´Ğ° Ñ‚Ğ°, ÑĞºÑƒ Ğ¿Ğ¾Ğ±ÑƒĞ´Ğ¾Ğ²Ğ°Ğ½Ğ¾ Ğ½Ğ° ÑĞ¾ÑĞ·Ñ– ÑĞ¸Ğ»Ğ¸ Ñ– ÑĞ¿Ñ€Ğ°Ğ²ĞµĞ´Ğ»Ğ¸Ğ²Ğ¾ÑÑ‚Ñ–.","1","22","0","1","8"
"57","2023-04-03 21:17:10","1642848712572514304","Ğ’Ğ°Ğ³Ğ½ĞµÑ€ Ğ¿Ğ¾Ğ¼ÑÑ‚Ğ¸Ğ²ÑÑ Ğ·Ğ° Ğ¢Ğ°Ñ‚Ğ°Ñ€ÑÑŒĞºĞ¾Ğ³Ğ¾ Ñ– Ğ²Ğ·ÑĞ² Ğ‘Ğ°Ñ…Ğ¼ÑƒÑ‚ #Judo #GM GM #psoriasis #vitiligo https://t.co/L6JUTUZ600","<a href=""https://mobile.twitter.com"" rel=""nofollow"">Twitter Web App</a>","list(long = NA, lat = NA, type = NA)","0","0","uk","ğŸ‡ºğŸ‡¦Ğ®Ğ»Ñ–Ñ Ğ—ĞµĞ»ĞµĞ½Ñ‡ÑƒĞº","marina63574030","ĞŸĞµÑ€Ğ²Ğ¾Ğ¼Ğ°Ğ¹ÑĞº",,"ğŸ‡ºğŸ‡¦ĞĞ°Ğ¹ÑĞºĞ»Ğ°Ğ´Ğ½Ñ–ÑˆĞµ Ğ¿Ğ¾Ñ‡Ğ°Ñ‚Ğ¸ Ğ´Ñ–ÑÑ‚Ğ¸, Ğ²ÑĞµ Ñ–Ğ½ÑˆĞµ Ğ·Ğ°Ğ»ĞµĞ¶Ğ¸Ñ‚ÑŒ Ñ‚Ñ–Ğ»ÑŒĞºĞ¸ Ğ²Ñ–Ğ´ Ğ½Ğ°Ğ¿Ğ¾Ğ»ĞµĞ³Ğ»Ğ¸Ğ²Ğ¾ÑÑ‚Ñ–.","2","10","0","1","6"
"58","2023-04-03 21:16:57","1642848658847588352","ĞĞ°Ğ²Ñ–Ñ‰Ğ¾ Ğ—ĞµĞ»ĞµĞ½ÑÑŒĞºĞ¸Ğ¹ Ñ– Ğ—Ğ°Ğ»ÑƒĞ¶Ğ½Ğ¸Ğ¹ ÑƒĞ³Ñ€Ğ¾Ğ±Ğ¸Ğ»Ğ¸ ÑÑ‚Ñ–Ğ»ÑŒĞºĞ¸ Ñ…Ğ»Ğ¾Ğ¿Ñ†Ñ–Ğ² Ğ¿Ñ–Ğ´ Ğ‘Ğ°Ñ…Ğ¼ÑƒÑ‚Ğ¾Ğ¼ #Judo #GM GM #psoriasis #vitiligo https://t.co/1Y3BIm30t1","<a href=""https://mobile.twitter.com"" rel=""nofollow"">Twitter Web App</a>","list(long = NA, lat = NA, type = NA)","0","0","uk","ğŸ‡ºğŸ‡¦ĞĞ°Ñ‚Ğ°ÑˆĞ° Ğ¡Ğ°Ğ¼Ğ°ÑˆĞºĞ¾","marlayams","Ğ¯ÑĞ¸Ğ½Ğ¾Ğ²Ğ°Ñ‚Ğ°Ñ",,"ğŸ‡ºğŸ‡¦Ğ¢Ğ¸ Ğ»ÑĞ±Ğ¸Ñˆ Ğ²ÑÑ–Ñ…, Ğ° Ğ»ÑĞ±Ğ¸Ñ‚Ğ¸ Ğ²ÑÑ–Ñ… â€“ Ğ¾Ğ·Ğ½Ğ°Ñ‡Ğ°Ñ” Ğ½Ğµ Ğ»ÑĞ±Ğ¸Ñ‚Ğ¸ Ğ½Ñ–ĞºĞ¾Ğ³Ğ¾. Ğ¢Ğ¾Ğ±Ñ– Ğ²ÑÑ– Ğ¾Ğ´Ğ½Ğ°ĞºĞ¾Ğ²Ğ¾ Ğ±Ğ°Ğ¹Ğ´ÑƒĞ¶Ñ–.","15","108","0","48","34"
"59","2023-04-03 21:16:56","1642848652589760512","Ğ‘Ğ°Ñ…Ğ¼ÑƒÑ‚ - Ñ†Ğµ Ğ Ğ¾ÑÑ–Ñ? #Judo #GM GM #psoriasis #vitiligo https://t.co/f1di0JeeQ7","<a href=""https://mobile.twitter.com"" rel=""nofollow"">Twitter Web App</a>","list(long = NA, lat = NA, type = NA)","0","0","uk","ğŸ‡ºğŸ‡¦Ğ‘Ğ¾Ğ³Ğ´Ğ°Ğ½ ĞœÑ–Ñ€Ğ¾ÑˆĞ½Ğ¸Ñ‡ĞµĞ½ĞºĞ¾","marll754","Ğ›Ğ¾Ğ·Ğ¾Ğ²Ğ°Ñ",,"ğŸ‡ºğŸ‡¦ĞŸÑ€Ğ°Ğ¿Ğ¾Ñ€ Ñ‚Ğ¾Ğ±Ñ– Ğ² Ñ€ÑƒĞºĞ¸, Ğ±Ğ°Ñ€Ğ°Ğ±Ğ°Ğ½ Ğ½Ğ° ÑˆĞ¸Ñ, ÑĞ¾ĞºĞ¸Ñ€Ñƒ Ğ² ÑĞ¿Ğ¸Ğ½Ñƒ Ñ– ĞµĞ»ĞµĞºÑ‚Ñ€Ğ¸Ñ‡ĞºÑƒ Ğ½Ğ°Ğ·ÑƒÑÑ‚Ñ€Ñ–Ñ‡.","0","40","0","1","8"
"60","2023-04-03 21:05:02","1642845657667862528","Zuletzt jagte sie von Wettkampf zu Wettkampf, erzielte dabei fast ausnahmslos gute Ergebnisse. Nur beim Grand Slam in Antalya kam fÃ¼r #Judo-Ass Giovanna #Scoccimarro nun frÃ¼h das Aus. DafÃ¼r gibt es aber GrÃ¼nde. #Vorsfelde #Wolfsburg

â¡ï¸https://t.co/qyzb28qXSN https://t.co/83kycBzNI1","<a href=""https://mobile.twitter.com"" rel=""nofollow"">Twitter Web App</a>","list(long = NA, lat = NA, type = NA)","0","1","de","AZ/WAZ Sport","azwazsport","Gifhorn/Wolfsburg","https://t.co/hBrq9G9tmb","AZ/WAZ-Sport: Alle Infos Ã¼ber den Sport in Gifhorn und Wolfsburg, prÃ¤sentiert von der Aller-Zeitung und der Wolfsburger Allgemeinen Zeitung.","980","216","30","72","12166"
"61","2023-04-03 20:55:37","1642843288347750400","#YMCAcolomboscout #YMCAcolombokarate #YMCAcolombobasketball #YMCAcolombocounsellin #karate #boxing #basketball #tabletennis #judo #scouting #carrom #badminton #billiards #chess https://t.co/YuyAHy7G6U","<a href=""https://mobile.twitter.com"" rel=""nofollow"">Twitter Web App</a>","list(long = NA, lat = NA, type = NA)","0","1","und","Colombo YMCA","ymcacolombo","Sri Lanka","https://t.co/v7cZjBXBZ6","This is the Official Twitter Page of COLOMBO YMCA.
Our focus is to engage the Youth in Colombo City and Suburbs.","9","5","0","0","26"
"62","2023-04-03 20:45:01","1642840622829649920","#Judo 4 medallas en el Torneo de Judo AlevÃ­n San Jose. El Astillero 02-04-23 https://t.co/njnX8aPhX8","<a href=""http://fnjudo.com/"" rel=""nofollow"">TuiteaFede</a>","list(long = NA, lat = NA, type = NA)","0","0","es","FJudoNavarra","FJudoNavarra","",,"","233","44","1","2","1056"
"63","2023-04-03 20:45:01","1642840620317261824","#Judo #Navarra 4 medallas en el Torneo de Judo AlevÃ­n San Jose. El Astillero 02-04-23 https://t.co/EaeCHRD1IN","<a href=""http://www.deportenavarro.com/"" rel=""nofollow"">DepNavarroBot</a>","list(long = NA, lat = NA, type = NA)","0","0","es","Deportenavarro.com","Deporte_navarro","Navarra","http://t.co/cst6IS7ycq","","1711","692","23","1137","25973"
"64","2023-04-03 20:13:17","1642832635058876416","How can an athlete achieve ""ippon"" in a #judo match?

Let's have a look at the video below to know more about this eventğŸ‘‡

#chengdu2021 #FISU
@Judo https://t.co/kiObB7Zi6F","<a href=""https://mobile.twitter.com"" rel=""nofollow"">Twitter Web App</a>","list(long = NA, lat = NA, type = NA)","2","4","en","Chengdu 2021 FISU World University Games","Chengdu2021","Chengdu, China","https://t.co/W0G1YIPDqN","31st summer edition of the #FISU World University Games","13004","471","12","9259","2203"
"65","2023-04-03 20:01:11","1642829592623734784","Free training for #TeamElmbridge #SurreyYouthGames2023 starts after school holiday for #girlsrugby #basketball #dance #tennis #swimming &amp; #judo. Training is non-competitive for children to have fun, make new friends &amp; get more active. Register now https://t.co/SGp8AyldSY https://t.co/CY297qw5st","<a href=""https://www.hootsuite.com"" rel=""nofollow"">Hootsuite Inc.</a>","list(long = NA, lat = NA, type = NA)","0","0","en","Elmbridge BC","ElmbridgeBC","Surrey, UK","https://t.co/ufda3AHobO","Keep updated with latest news & events across the borough. Monitored during office hours. Our social house rules: https://t.co/aRoM6Shr6I  #MyElmbridge","10483","863","216","2326","35916"
"66","2023-04-03 19:19:22","1642819068007706624","Voor JV Hashi uit Beverwaard was het NK #Kata in #Zoetermeer afgelopen zondag succesvol! Drie koppels deden hier aan mee. Een 1e, 2e, 3e, en een verdienstelijke 4e plaats leverde dit op. #judo https://t.co/czg8V1dI5R","<a href=""http://twitter.com/download/android"" rel=""nofollow"">Twitter for Android</a>","list(long = NA, lat = NA, type = NA)","0","1","nl","JV Hashi","JVHashi","Rotterdam, Beverwaard","https://t.co/FLf9BhHJcP","DÃ© judovereniging van IJsselmonde, ook voor A-Judo.","102","76","3","9","714"
"67","2023-04-03 19:14:35","1642817864443863040","[#judo] [#livre]

57 faÃ§ons de marquer un ippon &gt;&gt; https://t.co/wBpR26qHKI

""Techniques de judo"" aux @EditionsAmphora vu par @CianfaraniJp https://t.co/Dd5hZyNFZ3","<a href=""https://ifttt.com"" rel=""nofollow"">IFTTT</a>","list(long = NA, lat = NA, type = NA)","0","0","fr","cestquoitonkim ğŸ¥‹ Blog judo judogi","ckoitonkim","#Teamjudo  #cestquoitonkim ","https://t.co/sczrePnNfF","Blog | #judo | #judogi | par @D9G2 since 2014 | 6x badge presse au PGS | Twitter avec Articles | avis | #interviews | Actu judo de sites Web amis | Have fun ğŸ˜ƒ","2044","757","59","22468","44328"
"68","2023-04-03 19:09:51","1642816674075222016","Blandine Pont a rÃ©alisÃ© une compÃ©tition parfaite et enchaÃ®ne une 3Ã¨me victoire en Grand Slam. 

ConsidÃ©rÃ©e comme l'une des favorites pour les Championnats du Monde en -48 kg, peut-elle rÃ©itÃ©rer ses performances Ã  Doha ?

#JudoFrance #BlandinePont #Judo 

https://t.co/LIzEFdjMoA","<a href=""https://mobile.twitter.com"" rel=""nofollow"">Twitter Web App</a>","list(long = NA, lat = NA, type = NA)","0","1","fr","Thomas Bvr - JUDO","Thom_Bvr","","https://t.co/2yOwiXNvmf","ğŸ¥‹Membre du @cafecremesport, ce compte a pour but de mettre la lumiÃ¨re sur le #judo quel qu'il soit. 
Amateurs ou professionnels, vous Ãªtes les bienvenus !","19","72","0","143","89"
"69","2023-04-03 19:03:00","1642814948165267456","#Judo uniforms donated by @ajjf_judo and @npo_JUDOs were handed over to the South African Judo FederationğŸ™Œ
At the Japan Culture Expo in South Africa ğŸ‡¿ğŸ‡¦, #judo demonstrations were held and the donated judo uniforms were handed over to childrenğŸ¥‹ğŸ¤ğŸ‡¿ğŸ‡¦ https://t.co/dKL0KTRZ2S","<a href=""https://mobile.twitter.com"" rel=""nofollow"">Twitter Web App</a>","list(long = NA, lat = NA, type = NA)","1","7","en","å¤–å‹™çœMofaJapanÃ—SPORTS","MofaJp_Sports","Tokyo,Japan","https://t.co/E8nLgiaEbB","SPORTS account of Ministry of Foreign Affairs of Japan. 
å¤–å‹™çœã®ã‚¹ãƒãƒ¼ãƒ„ã‚¢ã‚«ã‚¦ãƒ³ãƒˆã€‚ã‚¹ãƒãƒ¼ãƒ„äº¤æµãªã©å¤–å‹™çœã®ã‚¹ãƒãƒ¼ãƒ„ã‚’é€šã˜ãŸæ§˜ã€…ãªå›½éš›çš„å–çµ„ã¿ã«ã¤ã„ã¦ç™ºä¿¡ã—ã¾ã™ã€‚ã‚¹ãƒãƒ¼ãƒ„ã‚’é€šã—ã¦å¤–äº¤ã‚’èº«è¿‘ã«ï¼","7471","1189","190","29315","2426"
"70","2023-04-03 19:01:04","1642814461135183872","We have you covered! When schools are closed for Teacher Workday, we have camp! Call us to pre-register. Three locations. Fun field trips, martial arts, and engaging activities! #osafamily #daycamp #judo #yudo #jiujitsu #taekwondo #fieldtrips #activities https://t.co/RzGUYTsfKX","<a href=""https://www.socialchamp.io"" rel=""nofollow"">SocialChamp IO </a>","list(long = NA, lat = NA, type = NA)","0","0","en","OSA Martial Arts","osamartialarts","Burke, Fairfax City, Manassas","https://t.co/aRenNQ2yy0","We foster a positive learning environment that teaches self-defense and life skills like discipline and respect.  We offer a long standing curriculum.","23","135","0","97","3795"
"71","2023-04-03 19:00:02","1642814202002669568","Nel quinto Grand Slam del World Judo Tour, in Turchia, Manuel Lombardo ha dominato nella categoria -73 kg, conquistando lâ€™unico podio azzurro nella tappa di Antalya!

Ãˆ lui la nostra la cover della settimana! ğŸ¥‹ğŸ’ª

@FijlkamOfficial #judo https://t.co/ZOrrJbKypI","<a href=""https://mobile.twitter.com"" rel=""nofollow"">Twitter Web App</a>","list(long = NA, lat = NA, type = NA)","6","32","it","CONI","Coninews","Piazza Lauro De Bosis 15 Roma","https://t.co/TugatJfxJm","Il canale ufficiale del Comitato Olimpico Nazionale Italiano, la grande famiglia dello #sport azzurro. Scopri le storie degli atleti @ItaliaTeam_it.","260873","820","707","12194","28313"
"72","2023-04-03 18:31:29","1642807016618962944","ğŸ¥‹ Actualizado o ranking olÃ­mpico de judo tras o GS de Antalya. A Viguesa @LauraVPodium  (-63 Kg) ascende Ã¡ 39Âª posiciÃ³n a 318 puntos da praza olÃ­mpica para ParÃ­s. @galiciajudo @deporte_galego #Judo","<a href=""http://twitter.com/#!/download/ipad"" rel=""nofollow"">Twitter for iPad</a>","list(long = NA, lat = NA, type = NA)","0","0","es","tonilopezgarcia","tonilopezgarci1","",,"Redactor de deportes na Radio Galega","851","1767","5","4021","5725"
"73","2023-04-03 18:31:13","1642806951297056768","Boxing &amp; MMA Training Punching Bag Set Black
This Cow Hide punching bag may just be a bridge to your championship aspirations.
For more details email or WhatsApp
0092 329 2120120
ablysportswear@gmail.com
#boxinggym #boxinggloves #judo #boxingnews #mixedmartialarts  #boxingcoach https://t.co/rmHaCnycVa","<a href=""https://mobile.twitter.com"" rel=""nofollow"">Twitter Web App</a>","list(long = NA, lat = NA, type = NA)","0","0","en","Ably Sportswear","ablysportswear","",,"Ably Sportswear - a renowned manufacturer of sports, fitness, MMA, and boxing wears and accessories.","8","62","0","31","58"
"74","2023-04-03 18:25:09","1642805425148919808","World Judo Tour is running so fast, let's slow it down and enjoy the moments from #JudoTbilisi ğŸ‡¬ğŸ‡ªğŸ« 

#Judo #JudoTbilisi #Georgia #WJT #RoadToParis2024 #OlympicQualifier #SlowMotion #SlowMotionRecap
https://t.co/qzGHgRijo0","<a href=""https://mobile.twitter.com"" rel=""nofollow"">Twitter Web App</a>","list(long = NA, lat = NA, type = NA)","5","9","en","Judo","Judo","Worldwide","https://t.co/AdAUBKLTeD","Official Twitter Account of the International Judo FederationğŸ¥‹

https://t.co/nKLPYs31Qr

Download our IJF JUDO App at the link above!","87057","942","604","8745","19493"
"75","2023-04-03 18:20:54","1642804354561220608","Apunta la fecha: 9ï¸âƒ£ de abril.
â–¶ï¸ Una vez mÃ¡s #CEP se posiciona y reÃºne a los mejores deportistas de Judo para una Jornada intensiva de #Judo Policial.
Y como siempre, gratuito para afiliados ğŸ¥‡ https://t.co/1o0GQLvBxw","<a href=""http://twitter.com/download/iphone"" rel=""nofollow"">Twitter for iPhone</a>","list(long = NA, lat = NA, type = NA)","3","11","es","CEP Baleares","CEPBaleares","Palma, EspaÃ±a","https://t.co/Culsd44U3O","ComitÃ© Regional de la CEP en las Islas BalearesğŸ‡ªğŸ‡¸ C/ SimÃ³ Ballester nÂº8 Planta 3Âª. Palma","900","451","16","7090","3995"
"76","2023-04-03 18:13:03","1642802380533006336","18 judoka's in actie tijdens regiotoernooi #Schijndel #Judo -  https://t.co/GuqSVzuoeI https://t.co/c3VEniMr0D","<a href=""http://www.pubble.nl"" rel=""nofollow"">PubbleApp</a>","list(long = NA, lat = NA, type = NA)","0","0","nl","DeMooiSchijndelKrant","DeMooiSKrant","Kloosterstraat 4
5481 BE  SCHIJNDEL
Telefoon: 073-2032025
Email: redactie@schijndelmedia.nl","https://t.co/8AUlTWGWQ2","Elke woensdag in de krant en dagelijks online: nieuws & achtergronden over Schijndel, Wijbosch, Eerde, Gemonde en Meierijstad. Voor en door Schijndelaren.","1269","355","9","43","12379"
"77","2023-04-03 18:00:13","1642799150591795200","JudocularÄ±mÄ±z performansÄ±yla alkÄ±ÅŸ aldÄ±.
Tam 3 madalya.. ğŸ¥‡ ğŸ¥‰ ğŸ¥‰ 
#Judo 

https://t.co/CIA03JPARz","<a href=""http://twitter.com/download/iphone"" rel=""nofollow"">Twitter for iPhone</a>","list(long = NA, lat = NA, type = NA)","0","0","tr","sporizocom","sporizocom","London, England","https://t.co/VTbRYgINPo","Sporda eÅŸitliÄŸe, adalete, alÄ±n terine inanan... AyrÄ± kulvarda koÅŸan, baÄŸÄ±msÄ±z, sahipsiz!.. info@sporizo.com FB: Sporizocom IG: sporizocom #spor #sporizo","2945","129","0","511","922"
"78","2023-04-03 17:54:46","1642797776235905024","ğŸ“· SEMAINE HEUREUSE ET PRODUCTIVE Ã€ TOUS
""Si vous gagnez, ne vous vantez pas de victoire; si vous perdez, ne soyez pas dÃ©couragÃ©"" JIGARO KANO, fondateur du Judo Kodokan.

PG Judo More than a sport it IS a family...#pgjudo #judo #sport #family #bonnesemaine https://t.co/dqu6s1YoK7","<a href=""https://mobile.twitter.com"" rel=""nofollow"">Twitter Web App</a>","list(long = NA, lat = NA, type = NA)","0","0","fr","PG Judo","PG_Judo","Douala-Cameroun",,"Ã‰duquer Ã  travers le Judo est notre mission.âœ¨ğŸ¥‹ğŸ”¥","11","69","0","177","74"
"79","2023-04-03 17:16:56","1642788257145692160","Sportsmatik wishes the legendary sportstars a #HappyBirthday to

Avtar Singh #Judo India
James Smith #Boxing USA
Picabo Street #AlpineSkiing USA
Thisara Perera #Cricket Sri Lanka
Tommy Haas #Tennis Germany

https://t.co/Sz3agbIW3j https://t.co/WyuCZaLgFH","<a href=""https://mobile.twitter.com"" rel=""nofollow"">Twitter Web App</a>","list(long = NA, lat = NA, type = NA)","0","0","en","Sportsmatik","sportsmatik","India","https://t.co/HoobVHnckO","https://t.co/6aQnuQw8dU is a digital solution for SPORTS where users sign-up for free to connect with other sports entities by sharing profiles and game statistics","14599","882","11","3686","6496"
"80","2023-04-03 16:13:50","1642772374628990976","ICYMI latest #olympics #paralympics pod droppedâ€¦

Hear from Thomas Bach ğŸ¤
#IOC meeting ğŸ‡·ğŸ‡º 
#wimbledon ğŸ¾
#mentalhealth of ğŸ‡¬ğŸ‡§ athletes ğŸŸï¸
#athletics
#swimming ğŸŠâ€â™‚ï¸
#judo ğŸ¥‹

ğŸ§ https://t.co/sICRp4PTSj https://t.co/49TXMyRDpo","<a href=""http://twitter.com/download/iphone"" rel=""nofollow"">Twitter for iPhone</a>","list(long = NA, lat = NA, type = NA)","1","0","en","Anything but Footy","AnythingbutF","United Kingdom","https://t.co/61r6Kme2eX","The #Olympic & #Paralympic sport podcast. We are also Anything but Footy Ltd, Podcast, Audio & Radio production.ğŸ™Latest pods  https://t.co/DIOE2dBJVd","703","2084","3","2194","4347"
"81","2023-04-03 16:04:01","1642769908302749696","Dzik powrÃ³ciÅ‚ ğŸ˜‰ğŸ‘ŒğŸ’ª
#Å›wiatwalk #mma #ksw #mmanews #ufc #szpilka #pudzian #famemma #fen42 #fen #bokser #boks #gamrot #highleague #wojownik #nokaut #walka #highkick #mmanews #mmarocks #mmapl #mmalife 
#judo #zapasy #karate #bjj #aikido #fighter #famemma #pudzian #mamed https://t.co/laNTVpw639","<a href=""http://twitter.com/download/android"" rel=""nofollow"">Twitter for Android</a>","list(long = NA, lat = NA, type = NA)","0","0","pl","Åšwiat Walk","swiat_walk","Warszawa, Polska","https://t.co/tGkCfm9D2o","Najnowsze informacje i plotki zeğŸŒ Å›wiata ğŸ‡ªğŸ‡¸ğŸ‡­ğŸ‡²ğŸ‡±ğŸ‡·ğŸ‡©ğŸ‡ªğŸ‡¨ğŸ‡±ğŸ‡¨ğŸ‡³ walk MMA, oraz Bare Knuckle ğŸ¤›ğŸ¤œ","58","110","1","5","883"
"82","2023-04-03 15:34:27","1642762467125129216","#Judo: #AlexCret, medaliat cu argint la turneul Grand Slam de la Antalya https://t.co/kqvRbkltAd","<a href=""https://mobile.twitter.com"" rel=""nofollow"">Twitter Web App</a>","list(long = NA, lat = NA, type = NA)","0","0","ro","Agerpres Sport","Agerpres_Sport","Bucuresti","http://t.co/z0bqZu8WK7","Redactia Sport a Agentiei Nationale de Presa AGERPRES. Cele mai importante stiri din diverse sporturi, de pe mapamond ÅŸi din RomÃ¢nia. Contact sport@agerpres.ro","4796","899","117","7","83263"
"83","2023-04-03 15:33:47","1642762297234931712","#Ukraine #Sports #judo #GrandSlam #Turkey Ukrainian judoka Bubyr wins bronze at Grand Slam in Turkey https://t.co/9DfV4WfCx8","<a href=""https://mobile.twitter.com"" rel=""nofollow"">Twitter Web App</a>","list(long = NA, lat = NA, type = NA)","2","6","en","Ukrinform-EN","Ukrinform_News","Ğ£ĞºÑ€Ğ°Ğ¸Ğ½Ğ°","https://t.co/UFyDJI4lQV","Ukrainian multimedia platform for broadcasting","9532","159","528","1374","36459"
"84","2023-04-03 15:16:02","1642757830422720512","Rashguard No Gi
Feature: Stretchy, Quick Drying
Quality: Superior
Label: Custom Logo Labels
Design: Custom Mock-up
#gym #compressiontights #nogibjj #compressionshirt #poloshirt #bjjrashguard #martialarts #tanktop #mmashorts #compressionshorts #judo #muaythai #bjjlife #bjjgirls https://t.co/DA1GueK1J9","<a href=""https://mobile.twitter.com"" rel=""nofollow"">Twitter Web App</a>","list(long = NA, lat = NA, type = NA)","0","0","en","Sabih Sports Wear","Mexwear1","Canada","https://t.co/SeLNu9jLtC","Clothing Brand","19","109","0","31","197"
"85","2023-04-03 15:05:19","1642755133808447488","ç°¡å˜ã«ã§ãã‚‹è¶³é¦–ã®ã€€#ãƒ†ãƒ¼ãƒ”ãƒ³ã‚°
#æ»æŒ«ã€€#è¶³é¦–æ»æŒ«ã€€#è¶³é¦–ç—›ã„ã€€#ã‚»ãƒ«ãƒ•ãƒ†ãƒ¼ãƒ”ãƒ³ã‚°ã€€#è¶³é¦–ã€€#taping  #anklepain #anklesprain #sprain #anklerehab #rehabilitation #running 
#baseball #ballet #basketball #golf #tennis #marathon #judo #karate 
#æ ¼é—˜æŠ€ã€€#prowrestling #climbing 
#cycling https://t.co/C5UU5N4Gpx","<a href=""http://twitter.com/download/android"" rel=""nofollow"">Twitter for Android</a>","list(long = NA, lat = NA, type = NA)","1","2","ja","ã‚´ãƒˆã‚¦èŠ±åº—ãƒ“ãƒ«é¼ç¸æ¥éª¨é™¢","masuimiho1006","å…­æœ¬æœ¨5-1-3 ï½ºï¾ï¾„ï½³ï¾‹ï¾ï¾™ï¾ƒï¾ï½¨ï¾ï½¸  ã‚´ãƒˆã‚¦èŠ±åº—å†…","https://t.co/CsMyMqdufm","MASUI MIHO

acupuncture  massage 
Neal's yard school PS teacher therapist

æŸ”é“æ•´å¾©å¸«ã€€é¼ç¸ãƒãƒƒã‚µãƒ¼ã‚¸å¸«ã€€æ•™å“¡å…è¨±ã€€
ãƒ‹ãƒ¼ãƒ«ã‚ºãƒ¤ãƒ¼ãƒ‰ã‚¹ã‚¯ãƒ¼ãƒ« è¬›å¸« ã‚»ãƒ©ãƒ”ã‚¹ãƒˆ

Tel 090(8712)8888 
open 365 days 9amï½°7pm","66","60","0","118","1633"
"86","2023-04-03 15:00:36","1642753948355379200","Judo's moral code is a set of eight values and ethics. All #judoka should strive to uphold the code, both in and out of competition. Learn the #judo moral code here
https://t.co/AXyeXbvuod

@Judo #Courage #Respect #Modesty #Sincerity #Friendship #Honour #Politeness #SelfControl https://t.co/YD36VvAjBr","<a href=""https://www.hootsuite.com"" rel=""nofollow"">Hootsuite Inc.</a>","list(long = NA, lat = NA, type = NA)","3","4","en","insidethegames","insidethegames","","https://t.co/XdQkl08bWj","https://t.co/DeasXrwIcb up-to-the-minute breaking news on the Olympic Movement. The inside track on world sport","41183","5649","1372","62595","198927"
"87","2023-04-03 15:00:02","1642753805161836544","JUDO bietet BIM Angebot  @shkjournal #werbung #wassertechnik #judo #wasseraufbereitung
https://t.co/zr3jeH1E8Z https://t.co/iTUuIyhU5A","<a href=""http://www.shk-journal.de"" rel=""nofollow"">SHK-Journal-News</a>","list(long = NA, lat = NA, type = NA)","0","0","de","SHK-Journal","shkjournal","Menden(Sauerland)","http://t.co/ot3sXbKEN3","Hier erfahren Sie, was die SHK-Branche bewegt. Mit tÃ¤glich aktualisierten News und vielen Services, die Sie weiterbringen in Ihrem GeschÃ¤ft.","2171","714","94","10368","98386"
"88","2023-04-03 14:50:57","1642751520138731520","""The IIS - Sangai Cup was an amazing opportunity to bring out the best talents from the North-east"" - Sushila Devi 

#CraftingVictories ğŸ‡®ğŸ‡³ #SangaiCup #Manipur #Judo #Judoka https://t.co/l3GkhADkfG","<a href=""http://twitter.com/download/android"" rel=""nofollow"">Twitter for Android</a>","list(long = NA, lat = NA, type = NA)","2","6","en","Inspire Institute of Sport","IIS_Vijayanagar","Vijaynagar, India","https://t.co/fGpXUSwYJe","The Inspire Institute of Sport is a cutting-edge sporting environment founded to breed India's next generation of Olympic champions. #CraftingVictories ğŸ‡®ğŸ‡³","8508","80","22","585","3288"
"89","2023-04-03 14:08:58","1642740952044371968","#arenagrappling #comingsoon 

#JiuJitsu #grappling #wrestling #judo #combatsports #subscribe https://t.co/gdCP1DYJh9","<a href=""http://twitter.com/download/iphone"" rel=""nofollow"">Twitter for iPhone</a>","list(long = NA, lat = NA, type = NA)","0","1","und","ARENA","ARENAgrappling","Pennsylvania, USA","https://t.co/BLfHWNjW3Z","ARENA is an all new take on submission grappling featuring our exclusive Endurance Format, our cage, in house production team and more.","7","47","0","19","35"
"90","2023-04-03 13:39:27","1642733525651673088","Les ğŸ¥‡ masculins de ce dimanche :
-90 - @noelvhe ğŸ‡³ğŸ‡±
#JudoAntalya 
-100 - Aaron Fara ğŸ‡¦ğŸ‡¹
#Judo 
+100 - Jelle Snippe ğŸ‡³ğŸ‡±
6/6
https://t.co/jJfBWXByM8","<a href=""https://mobile.twitter.com"" rel=""nofollow"">Twitter Web App</a>","list(long = NA, lat = NA, type = NA)","0","0","fr","Anthony DIAO","anthony_diao","","https://t.co/q0uLlChKmL","Journaliste trilingue @lespritdujudo @libe â€“ Blogueur @JudoCanada â€“ RÃ©dacteur @VeloTerritoires â€“ Admin. 2016-2022 @Clubpresselyon - Intervenant @iscpaLyon @ESCE","624","432","5","3021","7019"
"91","2023-04-03 13:39:27","1642733523164332032","Les ğŸ¥‡ fÃ©minines de ce 02/04 :
-78 - @AudreyTcheumeo ğŸ‡«ğŸ‡·
#JudoAntalya 
+78 - Kayra Sayit ğŸ‡¹ğŸ‡·
#Judo x @FabienEsv
5/6
https://t.co/c4CUDEydZm","<a href=""https://mobile.twitter.com"" rel=""nofollow"">Twitter Web App</a>","list(long = NA, lat = NA, type = NA)","1","1","fr","Anthony DIAO","anthony_diao","","https://t.co/q0uLlChKmL","Journaliste trilingue @lespritdujudo @libe â€“ Blogueur @JudoCanada â€“ RÃ©dacteur @VeloTerritoires â€“ Admin. 2016-2022 @Clubpresselyon - Intervenant @iscpaLyon @ESCE","624","432","5","3021","7019"
"92","2023-04-03 13:39:26","1642733520232562688","Six masculins ğŸ‡«ğŸ‡· engagÃ©s ce dimanche :
-90 - Max Laborde - ğŸ‡®ğŸ‡¹ğŸ‡¦ğŸ‡ªğŸ‘/ğŸ‡§ğŸ‡¬ğŸ‘/NC
-90 - Paul Livolsi - ğŸ‡¹ğŸ‡·ğŸ‘/ğŸ‡ºğŸ‡¦ğŸ‘/NC
#JudoAntalya 
-100 - Kenny Liveze - ğŸ‡©ğŸ‡¿ğŸ‘/ğŸ‡©ğŸ‡ªğŸ‘/NC
-100 - CÃ©dric Olivar - ğŸ‡©ğŸ‡ªğŸ‘/NC
#Judo 
+100 - Amadou Meite - ğŸ‡²ğŸ‡ªğŸ‘/ğŸ‡³ğŸ‡±ğŸ‘/NC
+100 - Guerman Andreev - ğŸ‡©ğŸ‡ªğŸ‘/NC
4/6","<a href=""https://mobile.twitter.com"" rel=""nofollow"">Twitter Web App</a>","list(long = NA, lat = NA, type = NA)","0","0","ht","Anthony DIAO","anthony_diao","","https://t.co/q0uLlChKmL","Journaliste trilingue @lespritdujudo @libe â€“ Blogueur @JudoCanada â€“ RÃ©dacteur @VeloTerritoires â€“ Admin. 2016-2022 @Clubpresselyon - Intervenant @iscpaLyon @ESCE","624","432","5","3021","7019"
"93","2023-04-03 13:39:25","1642733516797427712","Trois fÃ©minines ğŸ‡«ğŸ‡· engagÃ©es ce 02/04 :
-78 - @AudreyTcheumeo - ğŸ‡¨ğŸ‡´ğŸ‡©ğŸ‡ªğŸ‡µğŸ‡¹ğŸ‡¯ğŸ‡µğŸ‘/ğŸ¥‡
#JudoAntalya 
+78 - @romane_dicko - ğŸ‡©ğŸ‡ªğŸ‡§ğŸ‡¦ğŸ‘/ğŸ‡¹ğŸ‡·ğŸ‘/ğŸ‡ºğŸ‡¦ğŸ‡¨ğŸ‡³ğŸ‘/ğŸ¥‰
+78 - Coralie Hayme - ğŸ‡§ğŸ‡·ğŸ‘/ğŸ‡¹ğŸ‡·ğŸ‘/NC
#Judo 
3/6
https://t.co/9gp4yRcrm8","<a href=""https://mobile.twitter.com"" rel=""nofollow"">Twitter Web App</a>","list(long = NA, lat = NA, type = NA)","0","0","fr","Anthony DIAO","anthony_diao","","https://t.co/q0uLlChKmL","Journaliste trilingue @lespritdujudo @libe â€“ Blogueur @JudoCanada â€“ RÃ©dacteur @VeloTerritoires â€“ Admin. 2016-2022 @Clubpresselyon - Intervenant @iscpaLyon @ESCE","624","432","5","3021","7019"
"94","2023-04-03 13:00:01","1642723599537643520","Today's 24-hour deal is here!ğŸ“£
93brand ""Construct"" Convertible Gear Bag
(Duffel/Backpack Hybrid)
For only $47 visit https://t.co/YZjay5gHvy now
Offer expires at 11pm ET / 8pm PT.

#judo #mma #bjj #gym #leglock #armbar #wrestling #heelhook #rashguard #nogi https://t.co/jR99ODFVfq","<a href=""https://mobile.twitter.com"" rel=""nofollow"">Twitter Web App</a>","list(long = NA, lat = NA, type = NA)","0","2","en","BJJHQ","BJJHQ","West Haverstraw, NY","https://t.co/eOtmsUGmbs","Jiu Jitsu Daily Deals | https://t.co/QjNGzgxwoS | 24-hour flash sales since 2009 | New product @ 11pm EST daily. 
 
Need help? cs@bjjhq.com 
Need more? https://t.co/0apkKjFHHx","14523","7882","93","92","6639"
"95","2023-04-03 12:16:27","1642712636696694784","ASHIHARA #KARATE vs. #JUDO In Manga https://t.co/7jztaAwHbH #ToshiyukiMunetaæ£Ÿç”°åˆ©å¹¸ #karatebakaichidaikaratemasterç©ºæ‰‹ãƒã‚«ä¸€ä»£","<a href=""https://revive.social/"" rel=""nofollow"">Revive Social App</a>","list(long = NA, lat = NA, type = NA)","0","0","in","Karate Arcadia","KarateArcadia","Japan, Tokyo","https://t.co/GugWgfg42x","OSU! A former KARATE learner from Japan. Hope you enjoy my KARATE - BUDO (Japanese Martial Arts) blog!/ Karate 1st dan; Okinawan Kobudo 2nd dan; Iaido 2nd dan","1332","1368","5","257","18852"
"96","2023-04-03 11:27:30","1642700319846182912","Camaraderie and competition at the forefront of the BC Winter .....Please follow to support..... https://t.co/SpLPAezAXr #Vernon #Sports #Karate #NorthOkanagan #Judo #bggames #WheelchairBasketball #Basketball #centralokanagan #BCWinterGames","<a href=""https://revive.social/"" rel=""nofollow"">Revive Social App</a>","list(long = NA, lat = NA, type = NA)","0","0","en","Akhand Bharat Tv","abt_live","India","https://t.co/6hGo3TuTEM","ABT LIVE covers breaking news, and the latest news in politics, sports, business & cinema. Follow us & stay ahead!
ğŸ“§  contact@abtlive.com","742","10","3","149","89411"
"97","2023-04-03 11:23:31","1642699317638057984","Durante este fin de semana, Aspirantes a Oficial de la SelecciÃ³n de Judo de la Escuela de Carabineros participaron en el Campeonato de Judo Open Fujilolen, obteniendo medallas de plata y bronce. 
.
.
#Judo
#OpenFujilolen 
#DeporteEscar https://t.co/usvwsgoLT5","<a href=""http://twitter.com/download/iphone"" rel=""nofollow"">Twitter for iPhone</a>","list(long = NA, lat = NA, type = NA)","2","14","es","EscuelaCarab","EscuelaCarab","Providencia, Chile","https://t.co/Thvjg9FjVH","Twitter Oficial de la Escuela de Carabineros de Chile del General Carlos IbÃ¡Ã±ez del Campo Av. Antonio Varas 1842 (56-2) 2 9221203","2772","77","5","1904","1507"
"98","2023-04-03 11:12:55","1642696648966156288","3/15ã« #æ˜Ÿæ§é“éƒ½å¤§å­¦ ã‚’å’æ¥­ã—ãŸã‚¿ãƒ³ãƒ‡ã‚£ãƒ³å›ã¨ã‚­ãƒ³ãƒ¬ã‚¤å›ã®å¸°å›½ã¾ã§ã®æ—¥ã€…ã‚’è¿½ã£ãŸãƒ‰ã‚­ãƒ¥ãƒ¡ãƒ³ã‚¿ãƒªãƒ¼ãŒ4/8(åœŸ)9:30-10:01ã«BSãƒ•ã‚¸ã€#JUDOã€ã§æ”¾é€ã•ã‚Œã¾ã™ã€‚ãœã²ã”è¦–è´ãã ã•ã„ï¼
https://t.co/wchnoGgOhg

#æ˜Ÿæ§ #SEISA #ä¸–ç•Œã“ã©ã‚‚è²¡å›£ #FGC #ãƒ–ãƒ¼ã‚¿ãƒ³ #Bhutan #æŸ”é“ https://t.co/2dFC0nr0HC","<a href=""https://mobile.twitter.com"" rel=""nofollow"">Twitter Web App</a>","list(long = NA, lat = NA, type = NA)","0","3","ja","å…¬ç›Šè²¡å›£æ³•äºº ä¸–ç•Œã“ã©ã‚‚è²¡å›£(FGC)","fgc_seisa","ç¥å¥ˆå·çœŒä¸­éƒ¡å¤§ç£¯ç”ºå›½åºœæœ¬éƒ·1805-2","https://t.co/eVMypWG5qb","å…¬ç›Šè²¡å›£æ³•äºº ä¸–ç•Œã“ã©ã‚‚è²¡å›£(FGC)ã®å…¬å¼ã‚¢ã‚«ã‚¦ãƒ³ãƒˆã§ã™ã€‚#ä¸–ç•Œä¸­ã®ã“ã©ã‚‚ãŸã¡ ã«ã€å°†æ¥ã®å¤¢ã¨å¸Œæœ›ã‚’ï¼FGCã®æ´»å‹•ã‚„ãƒŸãƒƒã‚·ãƒ§ãƒ³ã€#ã‚¨ãƒªãƒˆãƒªã‚¢ã€#ãƒ–ãƒ¼ã‚¿ãƒ³ ã‹ã‚‰å—ã‘å…¥ã‚Œã¦ã„ã‚‹ç•™å­¦ç”Ÿã®æ§˜å­ãªã©ã‚’ãŠçŸ¥ã‚‰ã›ã—ã¾ã™ã€‚ãŠå•åˆã›â†’https://t.co/P8RIHJccww","72","139","0","115","226"
"99","2023-04-03 11:11:44","1642696350268809216","Gran actuaciÃ³n de Yuta Galarreta ğŸ‡µğŸ‡ª en el Antalya Grand Slam 2023. El peruano quedÃ³ 7Â° en los -90 kg tras caer en la primera ronda del repechaje ante Roland Goz ğŸ‡­ğŸ‡º

Antes habÃ­a quedado 2Â° en el Pool C.

Es el mejor resultado del peruano a nivel del IJF World Tour 

#Judo 

ğŸ“·: IG https://t.co/5Qoknuyx0t","<a href=""http://twitter.com/download/android"" rel=""nofollow"">Twitter for Android</a>","list(long = NA, lat = NA, type = NA)","0","1","es","JosÃ© Rivasplata","jose_rivasplata","Lima, PerÃº","https://t.co/0nGcNgntf2","Graduado en Periodismo Deportivo. Me gusta hablar de todos los deportes. Mi evento deportivo favorito: Juegos OlÃ­mpicos #ElDeporteEsSalud #ElDeporteNoPuedeParar","276","1833","4","303465","19086"
"100","2023-04-03 10:19:55","1642683308776775680","#æŸ”è¡“ #æŸ”é“ #æ ¼é—˜æŠ€ #JUDO #jiujitsu #MMA https://t.co/HsMDo8IAkc","<a href=""http://twitter.com/download/iphone"" rel=""nofollow"">Twitter for iPhone</a>","list(long = NA, lat = NA, type = NA)","0","0","und","ãµã—ãŸã«ã˜ã‚…ã‚“ã˜","fushi_channel","å±±å£çœŒ","https://t.co/OgCCpXNlVD","å†’é™ºé­‚","52","457","1","3064","345"
